trip_id,species,genus,species_epithet,scientific_name,group,country,region,dive_site,site_type,sighting_date_raw,n_indiv,sighting_date,year,month,ym,eco_group,note
https://www.thesmilingseahorse.com/blog/-blotched-stingray-vs-nurse-shark,oceanic manta,Mobula,birostris,Mobula birostris,ray,Thailand,Similan,Koh Tachai,site,2012-12-25,2,2012-12-25,2012,12,2012-12-01,Mobulids,NA
https://www.thesmilingseahorse.com/blog/-blotched-stingray-vs-nurse-shark,oceanic manta,Mobula,birostris,Mobula birostris,ray,Thailand,Similan,Koh Tachai,site,2025-12-25,2,2012-12-25,2012,12,2012-12-01,Mobulids,NA
https://www.thesmilingseahorse.com/blog/-blotched-stingray-vs-nurse-shark,ocellated eagle ray,Aetobatus,ocellatus,Aetobatus ocellatus,ray,Myanmar,Mergui,Seafan Forest,site,2012-12-20,1,2012-12-20,2012,12,2012-12-01,Resident_or_benthic,arguable mobility
https://www.thesmilingseahorse.com/blog/-blotched-stingray-vs-nurse-shark,blotched fantail ray,Taeniurops,meyeni,Taeniurops meyeni,ray,Myanmar,Mergui,Shark Cave,site,2012-12-28,2,2012-12-28,2012,12,2012-12-01,Resident_or_benthic,NA
https://www.thesmilingseahorse.com/blog/-blotched-stingray-vs-nurse-shark,zebra shark,Stegostoma,tigrinum,Stegostoma tigrinum,shark,Myanmar,Mergui,Mergui Archipelago,region,2012-12-19,1,2012-12-19,2012,12,2012-12-01,Resident_or_benthic,NA
https://www.thesmilingseahorse.com/blog/08-mar-2022-a-cruise-for-photographers-around-richelieu-rock,whale shark,Rhinocodon,typus,Rhinocodon typus,shark,Thailand,Surin,Richelieu Rock,site,2022-03-08,1,2022-03-08,2022,3,2022-03-01,Large_pelagic,NA
https://www.thesmilingseahorse.com/blog/10th-to-13th-of-december-a-busy-weekend-on-the-andaman-sea,ocellated eagle ray,Aetobatus,ocellatus,Aetobatus ocellatus,ray,Thailand,Surin,Koh Torinla,site,2020-12-13,1,2020-12-13,2020,12,2020-12-01,Resident_or_benthic,arguable mobility
https://www.thesmilingseahorse.com/blog/10th-to-13th-of-december-a-busy-weekend-on-the-andaman-sea,ocellated eagle ray,Aetobatus,ocellatus,Aetobatus ocellatus,ray,Thailand,Surin,Richelieu Rock,site,2020-12-13,1,2020-12-13,2020,12,2020-12-01,Resident_or_benthic,arguable mobility
https://www.thesmilingseahorse.com/blog/10th-to-13th-of-december-a-busy-weekend-on-the-andaman-sea,jenkins' whipray,Pateobatis,jenkinsii,Pateobatis jenkinsii,ray,Thailand,Surin,Koh Torinla,site,2020-12-12,1,2020-12-12,2020,12,2020-12-01,Resident_or_benthic,NA
https://www.thesmilingseahorse.com/blog/10th-to-13th-of-december-a-busy-weekend-on-the-andaman-sea,blotched fantail ray,Taeniurops,meyeni,Taeniurops meyeni,ray,Thailand,Surin,Koh Torinla,site,2020-12-12,1,2020-12-12,2020,12,2020-12-01,Resident_or_benthic,NA
https://www.thesmilingseahorse.com/blog/10th-to-13th-of-december-a-busy-weekend-on-the-andaman-sea,jenkins' whipray,Pateobatis,jenkinsii,Pateobatis jenkinsii,ray,Thailand,Surin,Koh Torinla,site,2020-12-12,1,2020-12-12,2020,12,2020-12-01,Resident_or_benthic,NA
https://www.thesmilingseahorse.com/blog/12th-april-2022-lots-of-discoveries-in-splendid-sea-beds,oceanic manta,Mobula,birostris,Mobula birostris,ray,Thailand,Similan,Koh Bon,site,2022-04-17,1,2022-04-17,2022,4,2022-04-01,Mobulids,NA
https://www.thesmilingseahorse.com/blog/12th-april-2022-lots-of-discoveries-in-splendid-sea-beds,ocellated eagle ray,Aetobatus,ocellatus,Aetobatus ocellatus,ray,Thailand,Similan,Koh Bon,site,2022-04-17,1,2022-04-17,2022,4,2022-04-01,Resident_or_benthic,arguable mobility
https://www.thesmilingseahorse.com/blog/12th-april-2022-lots-of-discoveries-in-splendid-sea-beds,whale shark,Rhinocodon,typus,Rhinocodon typus,shark,Thailand,Similan,Koh Bon,site,2022-04-18,1,2022-04-18,2022,4,2022-04-01,Large_pelagic,NA
https://www.thesmilingseahorse.com/blog/15th-march-2022-whale-shark-expedition-but-manta-and-paper-nautilus-sighted,oceanic manta,Mobula,birostris,Mobula birostris,ray,Thailand,Similan,Koh Bon,site,2022-03-20,1,2022-03-20,2022,3,2022-03-01,Mobulids,NA
https://www.thesmilingseahorse.com/blog/15th-march-2022-whale-shark-expedition-but-manta-and-paper-nautilus-sighted,ocellated eagle ray,Aetobatus,ocellatus,Aetobatus ocellatus,ray,Thailand,Similan,Koh Bon,site,2022-03-20,1,2022-03-20,2022,3,2022-03-01,Resident_or_benthic,arguable mobility
https://www.thesmilingseahorse.com/blog/15th-march-2022-whale-shark-expedition-but-manta-and-paper-nautilus-sighted,jenkins' whipray,Pateobatis,jenkinsii,Pateobatis jenkinsii,ray,Thailand,Surin,Koh Chi,site,2022-03-16,5,2022-03-16,2022,3,2022-03-01,Resident_or_benthic,NA
https://www.thesmilingseahorse.com/blog/15th-march-2022-whale-shark-expedition-but-manta-and-paper-nautilus-sighted,cowtail stingray,Pastinachus,sephen,Pastinachus ater,ray,Thailand,Similan,Shark Fin Reef,site,2022-03-16,1,2022-03-16,2022,3,2022-03-01,Resident_or_benthic,NA
https://www.thesmilingseahorse.com/blog/18-feb-2025-7-days-north-andaman-diving-surin-and-similan-national-parks,bluespotted maskray,Neotrygon,kuhlii,Neotrygon kuhlii,ray,Thailand,Similan,Three Trees,site,2025-02-18,1,2025-02-18,2025,2,2025-02-01,Resident_or_benthic,NA
https://www.thesmilingseahorse.com/blog/18-feb-2025-7-days-north-andaman-diving-surin-and-similan-national-parks,bluespotted maskray,Neotrygon,kuhlii,Neotrygon kuhlii,ray,Thailand,Similan,Three Trees,site,2025-02-22,3,2025-02-22,2025,2,2025-02-01,Resident_or_benthic,NA
https://www.thesmilingseahorse.com/blog/18-feb-2025-7-days-north-andaman-diving-surin-and-similan-national-parks,blacktip reef shark,Carcharhinus,melanopterus,Carcharhinus melanopterus,shark,Thailand,Similan,Koh Bon,site,2025-02-22,3,2025-02-22,2025,2,2025-02-01,Reef_sharks,NA
https://www.thesmilingseahorse.com/blog/1st-trip-of-the-season-marine-ecology-trip-in-the-north-andaman-from-14th-to-19th-of-october-2022,ocellated eagle ray,Aetobatus,ocellatus,Aetobatus ocellatus,ray,Thailand,Surin,Richelieu Rock,site,2022-10-16,1,2022-10-16,2022,10,2022-10-01,Resident_or_benthic,arguable mobility
https://www.thesmilingseahorse.com/blog/1st-trip-of-the-season-marine-ecology-trip-in-the-north-andaman-from-14th-to-19th-of-october-2022,blacktip reef shark,Carcharhinus,melanopterus,Carcharhinus melanopterus,shark,Thailand,Surin,Richelieu Rock,site,2022-10-17,6,2022-10-17,2022,10,2022-10-01,Reef_sharks,NA
https://www.thesmilingseahorse.com/blog/21th-april-2023-last-andaman-trip-of-the-season,ocellated eagle ray,Aetobatus,ocellatus,Aetobatus ocellatus,ray,Thailand,Similan,Koh Bon,site,2022-04-23,1,2022-04-23,2022,4,2022-04-01,Resident_or_benthic,arguable mobility
https://www.thesmilingseahorse.com/blog/22nd-to-29th-of-october-2022-second-trip-of-the-season-north-andaman-liveaboard,blacktip reef shark,Carcharhinus,melanopterus,Carcharhinus melanopterus,shark,Thailand,Similan,Koh Tachai,site,2022-10-27,1,2022-10-27,2022,10,2022-10-01,Reef_sharks,NA
https://www.thesmilingseahorse.com/blog/23rd-mars-2022-manta-by-day-and-paper-nautilus-by-night,oceanic manta,Mobula,birostris,Mobula birostris,ray,Thailand,Similan,Koh Bon,site,2022-03-25,1,2022-03-25,2022,3,2022-03-01,Mobulids,NA
https://www.thesmilingseahorse.com/blog/23rd-mars-2022-manta-by-day-and-paper-nautilus-by-night,oceanic manta,Mobula,birostris,Mobula birostris,ray,Thailand,Similan,Koh Bon,site,2022-03-26,1,2022-03-26,2022,3,2022-03-01,Mobulids,NA
https://www.thesmilingseahorse.com/blog/23rd-mars-2022-manta-by-day-and-paper-nautilus-by-night,ocellated eagle ray,Aetobatus,ocellatus,Aetobatus ocellatus,ray,Thailand,Similan,Koh Bon,site,2022-03-25,1,2022-03-25,2022,3,2022-03-01,Resident_or_benthic,arguable mobility
https://www.thesmilingseahorse.com/blog/25th-to-28th-february-a-busy-weekend-on-richelieu-rock,guitarfish,Rhinobatidae,spp,Rhinobatidae spp,ray,Thailand,Surin,Koh Chi,site,2021-02-26,1,2021-02-26,2021,2,2021-02-01,Wedgefish_guitarfish,family/group-level
https://www.thesmilingseahorse.com/blog/27th-december-cruise-we-get-a-whale-shark-for-new-year,whale shark,Rhinocodon,typus,Rhinocodon typus,shark,Thailand,Surin,Richelieu Rock,site,2021-12-27,2,2021-12-27,2021,12,2021-12-01,Large_pelagic,NA
https://www.thesmilingseahorse.com/blog/27th-december-cruise-we-get-a-whale-shark-for-new-year,guitarfish,Rhinobatidae,spp,Rhinobatidae spp,ray,Thailand,Surin,Koh Torinla,site,2021-12-27,1,2021-12-27,2021,12,2021-12-01,Wedgefish_guitarfish,family/group-level
https://www.thesmilingseahorse.com/blog/2nd-diving-expedition-burma,ocellated eagle ray,Aetobatus,ocellatus,Aetobatus ocellatus,ray,Myanmar,Mergui,Seafan Forest,site,2012-11-15,1,2012-11-15,2012,11,2012-11-01,Resident_or_benthic,arguable mobility
https://www.thesmilingseahorse.com/blog/4-jours-parfaits,whale shark,Rhinocodon,typus,Rhinocodon typus,shark,Thailand,Surin,Richelieu Rock,site,2014-01-20,1,2014-01-20,2014,1,2014-01-01,Large_pelagic,NA
https://www.thesmilingseahorse.com/blog/4th-to-7th-of-december-a-cruise-fit-for-royals,ocellated eagle ray,Aetobatus,ocellatus,Aetobatus ocellatus,ray,Thailand,Surin,Richelieu Rock,site,2020-12-06,1,2020-12-06,2020,12,2020-12-01,Resident_or_benthic,arguable mobility
https://www.thesmilingseahorse.com/blog/4th-to-the-7th-of-march-2021-a-lucky-cruise-with-a-majority-of-scuba-diving-girls,ocellated eagle ray,Aetobatus,ocellatus,Aetobatus ocellatus,ray,Thailand,Surin,Surin Islands,region,2021-03-05,1,2021-03-05,2021,3,2021-03-01,Resident_or_benthic,arguable mobility
https://www.thesmilingseahorse.com/blog/4th-to-the-7th-of-march-2021-a-lucky-cruise-with-a-majority-of-scuba-diving-girls,ocellated eagle ray,Aetobatus,ocellatus,Aetobatus ocellatus,ray,Thailand,Similan,Koh Bon,site,2021-03-06,1,2021-03-06,2021,3,2021-03-01,Resident_or_benthic,arguable mobility
https://www.thesmilingseahorse.com/blog/4th-to-the-7th-of-march-2021-a-lucky-cruise-with-a-majority-of-scuba-diving-girls,blotched fantail ray,Taeniurops,meyeni,Taeniurops meyeni,ray,Thailand,Similan,Koh Bon,site,2021-03-06,4,2021-03-06,2021,3,2021-03-01,Resident_or_benthic,NA
https://www.thesmilingseahorse.com/blog/4th-to-the-7th-of-march-2021-a-lucky-cruise-with-a-majority-of-scuba-diving-girls,giant guitarfish,Rhynchobatus,spp,Rhynchobatus spp,ray,Thailand,Surin,Surin Islands,region,2021-03-05,1,2021-03-05,2021,3,2021-03-01,Wedgefish_guitarfish,group-level
https://www.thesmilingseahorse.com/blog/6-days-trip-from-23rd-to-28th-october-2019,brown banded bamboo shark,Chiloscyllium,punctatum,Chiloscyllium punctatum,shark,Myanmar,Mergui,Submarine,site,2019-10-25,1,2019-10-25,2019,10,2019-10-01,Resident_or_benthic,NA
https://www.thesmilingseahorse.com/blog/6-days-trip-from-23rd-to-28th-october-2019,whale shark,Rhinocodon,typus,Rhinocodon typus,shark,Myanmar,Mergui,Shark Cave,site,2019-10-26,1,2019-10-26,2019,10,2019-10-01,Large_pelagic,NA
https://www.thesmilingseahorse.com/blog/6th-april-2022-south-andaman-dive-trip-report,shark,Carcharhinidae,spp,Carcharhinidae spp,shark,Thailand,Phuket,Koh Bida Nok,site,2022-04-09,5,2022-04-09,2022,4,2022-04-01,Unresolved_group_level,family/group-level
https://www.thesmilingseahorse.com/blog/6th-april-2022-south-andaman-dive-trip-report,whale shark,Rhinocodon,typus,Rhinocodon typus,shark,Thailand,Koh Lanta,Hin Daeng,site,2022-04-07,1,2022-04-07,2022,4,2022-04-01,Large_pelagic,NA
https://www.thesmilingseahorse.com/blog/9th-to-17th-of-december-2023-mergui-archipelago-and-burma-banks-a-dive-adventure,ocellated eagle ray,Aetobatus,ocellatus,Aetobatus ocellatus,ray,Myanmar,Mergui,Ba Wei,site,2023-12-10,1,2023-12-10,2023,12,2023-12-01,Resident_or_benthic,arguable mobility
https://www.thesmilingseahorse.com/blog/9th-to-17th-of-december-2023-mergui-archipelago-and-burma-banks-a-dive-adventure,blotched fantail ray,Taeniurops,meyeni,Taeniurops meyeni,ray,Myanmar,Mergui,Shark Cave,site,2023-12-11,1,2023-12-11,2023,12,2023-12-01,Resident_or_benthic,NA
https://www.thesmilingseahorse.com/blog/9th-to-17th-of-december-2023-mergui-archipelago-and-burma-banks-a-dive-adventure,blotched fantail ray,Taeniurops,meyeni,Taeniurops meyeni,ray,Myanmar,Mergui,Submarine,site,2023-12-11,2,2023-12-11,2023,12,2023-12-01,Resident_or_benthic,NA
https://www.thesmilingseahorse.com/blog/9th-to-17th-of-december-2023-mergui-archipelago-and-burma-banks-a-dive-adventure,blotched fantail ray,Taeniurops,meyeni,Taeniurops meyeni,ray,Myanmar,Mergui,Western Rocky,site,2023-12-11,3,2023-12-11,2023,12,2023-12-01,Resident_or_benthic,NA
https://www.thesmilingseahorse.com/blog/9th-to-17th-of-december-2023-mergui-archipelago-and-burma-banks-a-dive-adventure,blotched fantail ray,Taeniurops,meyeni,Taeniurops meyeni,ray,Myanmar,Mergui,Black Rock,site,2023-12-12,2,2023-12-12,2023,12,2023-12-01,Resident_or_benthic,NA
https://www.thesmilingseahorse.com/blog/9th-to-17th-of-december-2023-mergui-archipelago-and-burma-banks-a-dive-adventure,grey-spotted guitarfish,acroteriovatus,spp,Acroteriobatus spp,ray,Myanmar,Mergui,Black Rock,site,2023-12-12,7,2023-12-12,2023,12,2023-12-01,Wedgefish_guitarfish,group-level
https://www.thesmilingseahorse.com/blog/9th-to-17th-of-december-2023-mergui-archipelago-and-burma-banks-a-dive-adventure,blotched fantail ray,Taeniurops,meyeni,Taeniurops meyeni,ray,Myanmar,Mergui,North Twin,site,2023-12-13,1,2023-12-13,2023,12,2023-12-01,Resident_or_benthic,NA
https://www.thesmilingseahorse.com/blog/9th-to-17th-of-december-2023-mergui-archipelago-and-burma-banks-a-dive-adventure,porcupine ray,Urogymnus,asperrimus,Urogymnus asperrimus,ray,Myanmar,Burma Banks,Burma Banks,region,2023-12-14,1,2023-12-14,2023,12,2023-12-01,Resident_or_benthic,NA
https://www.thesmilingseahorse.com/blog/9th-to-17th-of-december-2023-mergui-archipelago-and-burma-banks-a-dive-adventure,blotched fantail ray,Taeniurops,meyeni,Taeniurops meyeni,ray,Myanmar,Burma Banks,Burma Banks,region,2023-12-15,5,2023-12-15,2023,12,2023-12-01,Resident_or_benthic,NA
https://www.thesmilingseahorse.com/blog/9th-to-17th-of-december-2023-mergui-archipelago-and-burma-banks-a-dive-adventure,jenkins' whipray,Pateobatis,jenkinsii,Pateobatis jenkinsii,ray,Myanmar,Mergui,Western Rocky,site,2023-12-15,3,2023-12-15,2023,12,2023-12-01,Resident_or_benthic,NA
https://www.thesmilingseahorse.com/blog/9th-to-17th-of-december-2023-mergui-archipelago-and-burma-banks-a-dive-adventure,ray,Batidae,spp,Batidae spp,ray,Myanmar,Mergui,Secret Pinnacle,site,2023-12-16,3,2023-12-16,2023,12,2023-12-01,Resident_or_benthic,group-level
https://www.thesmilingseahorse.com/blog/9th-to-17th-of-december-2023-mergui-archipelago-and-burma-banks-a-dive-adventure,bull shark,Carcharhinus,leucas,Carcharhinus leucas,shark,Myanmar,Mergui,Black Rock,site,2023-12-12,1,2023-12-12,2023,12,2023-12-01,Large_coastal_sharks,NA
https://www.thesmilingseahorse.com/blog/9th-to-17th-of-december-2023-mergui-archipelago-and-burma-banks-a-dive-adventure,nurse shark,Nebrius,ferrugineus,Nebrius ferrugineus,shark,Myanmar,Burma Banks,Burma Banks,region,2023-12-14,12,2023-12-14,2023,12,2023-12-01,Resident_or_benthic,NA
https://www.thesmilingseahorse.com/blog/9th-to-17th-of-december-2023-mergui-archipelago-and-burma-banks-a-dive-adventure,silvertip shark,Carcharhinus,albimarginatus,Carcharhinus albimarginatus,shark,Myanmar,Mergui,Black Rock,site,2023-12-14,3,2023-12-14,2023,12,2023-12-01,Large_coastal_sharks,NA
https://www.thesmilingseahorse.com/blog/9th-to-17th-of-december-2023-mergui-archipelago-and-burma-banks-a-dive-adventure,tiger shark,Galeocerdo,cuvier,Galeocerdo cuvier,shark,Myanmar,Mergui,Black Rock,site,2023-12-14,1,2023-12-14,2023,12,2023-12-01,Large_pelagic,NA
https://www.thesmilingseahorse.com/blog/9th-to-17th-of-december-2023-mergui-archipelago-and-burma-banks-a-dive-adventure,oceanic blacktip shark,Carcharhinus,limbatus,Carcharhinus limbatus,shark,Myanmar,Mergui,Black Rock,site,2023-12-15,3,2023-12-15,2023,12,2023-12-01,Large_coastal_sharks,NA
https://www.thesmilingseahorse.com/blog/9th-to-17th-of-december-2023-mergui-archipelago-and-burma-banks-a-dive-adventure,silvertip shark,Carcharhinus,albimarginatus,Carcharhinus albimarginatus,shark,Myanmar,Mergui,Black Rock,site,2023-12-15,3,2023-12-15,2023,12,2023-12-01,Large_coastal_sharks,NA
https://www.thesmilingseahorse.com/blog/9th-to-17th-of-december-2023-mergui-archipelago-and-burma-banks-a-dive-adventure,nurse shark,Nebrius,ferrugineus,Nebrius ferrugineus,shark,Myanmar,Mergui,Black Rock,site,2023-12-15,10,2023-12-15,2023,12,2023-12-01,Resident_or_benthic,NA
https://www.thesmilingseahorse.com/blog/9th-to-17th-of-december-2023-mergui-archipelago-and-burma-banks-a-dive-adventure,nurse shark,Nebrius,ferrugineus,Nebrius ferrugineus,shark,Myanmar,Burma Banks,Burma Banks,region,2023-12-14,10,2023-12-14,2023,12,2023-12-01,Resident_or_benthic,NA
https://www.thesmilingseahorse.com/blog/9th-to-17th-of-december-2023-mergui-archipelago-and-burma-banks-a-dive-adventure,silvertip shark,Carcharhinus,albimarginatus,Carcharhinus albimarginatus,shark,Myanmar,Mergui,Black Rock,site,2012-12-15,5,2023-12-15,2023,12,2023-12-01,Large_coastal_sharks,NA
https://www.thesmilingseahorse.com/blog/9th-to-17th-of-december-2023-mergui-archipelago-and-burma-banks-a-dive-adventure,grey reef shark,Carcharhinus,amblyrhynchos,Carcharhinus amblyrhynchos,shark,Myanmar,Mergui,Black Rock,site,2012-12-15,5,2023-12-15,2023,12,2023-12-01,Reef_sharks,mobile reef-associated
https://www.thesmilingseahorse.com/blog/9th-to-17th-of-december-2023-mergui-archipelago-and-burma-banks-a-dive-adventure,tiger shark,Galeocerdo,cuvier,Galeocerdo cuvier,shark,Myanmar,Mergui,Black Rock,site,2012-12-15,3,2023-12-15,2023,12,2023-12-01,Large_pelagic,NA
https://www.thesmilingseahorse.com/blog/a-cruise-down-south-phuket-to-koh-lipe-december-12th-2021,mobula ray,Mobula,spp,Mobula spp,ray,Thailand,Koh Lipe,8 Mile Rock,site,2021-12-12,1,2021-12-12,2021,12,2021-12-01,Mobulids,group-level
https://www.thesmilingseahorse.com/blog/a-cruise-down-south-phuket-to-koh-lipe-december-12th-2021,whale shark,Rhinocodon,typus,Rhinocodon typus,shark,Thailand,Koh Lanta,Koh Haa,site,2021-12-12,1,2021-12-12,2021,12,2021-12-01,Large_pelagic,NA
https://www.thesmilingseahorse.com/blog/a-dive-expedition-about-marine-ecosystem-with-thailand-whale-shark-specialist-kirsty-magson-march-19th-to-27th-2024,blacktip reef shark,Carcharhinus,melanopterus,Carcharhinus melanopterus,shark,Thailand,Similan,Koh Tachai,site,2024-04-21,1,2024-04-21,2024,4,2024-04-01,Reef_sharks,NA
https://www.thesmilingseahorse.com/blog/a-dive-expedition-about-marine-ecosystem-with-thailand-whale-shark-specialist-kirsty-magson-march-19th-to-27th-2024,blacktip reef shark,Carcharhinus,melanopterus,Carcharhinus melanopterus,shark,Thailand,Similan,Koh Tachai,site,2024-04-21,1,2024-04-21,2024,4,2024-04-01,Reef_sharks,NA
https://www.thesmilingseahorse.com/blog/a-dive-expedition-about-marine-ecosystem-with-thailand-whale-shark-specialist-kirsty-magson-march-19th-to-27th-2024,blacktip reef shark,Carcharhinus,melanopterus,Carcharhinus melanopterus,shark,Thailand,Phuket,Koh Bida Nok,site,2024-03-26,3,2024-03-26,2024,3,2024-03-01,Reef_sharks,NA
https://www.thesmilingseahorse.com/blog/a-friends-reunion,oceanic manta,Mobula,birostris,Mobula birostris,ray,Myanmar,Mergui,Seafan Forest,site,2020-02-08,1,2020-02-08,2020,2,2020-02-01,Mobulids,NA
https://www.thesmilingseahorse.com/blog/a-friends-reunion,ocellated eagle ray,Aetobatus,ocellatus,Aetobatus ocellatus,ray,Myanmar,Burma Banks,Burma Banks,region,2020-02-08,1,2020-02-08,2020,2,2020-02-01,Resident_or_benthic,arguable mobility
https://www.thesmilingseahorse.com/blog/a-friends-reunion,silvertip shark,Carcharhinus,albimarginatus,Carcharhinus albimarginatus,shark,Myanmar,Burma Banks,Burma Banks,region,2020-02-08,1,2020-02-08,2020,2,2020-02-01,Large_coastal_sharks,NA
https://www.thesmilingseahorse.com/blog/a-friends-reunion,nurse shark,Nebrius,ferrugineus,Nebrius ferrugineus,shark,Myanmar,Burma Banks,Burma Banks,region,2020-02-08,5,2020-02-08,2020,2,2020-02-01,Resident_or_benthic,NA
https://www.thesmilingseahorse.com/blog/a-friends-reunion,silvertip shark,Carcharhinus,albimarginatus,Carcharhinus albimarginatus,shark,Myanmar,Burma Banks,Burma Banks,region,2020-02-08,3,2020-02-08,2020,2,2020-02-01,Large_coastal_sharks,NA
https://www.thesmilingseahorse.com/blog/a-guitar-fish-in-surin,white-spotted wedgefish,Rhynchobatus,australiae,Rhynchobatus australiae,shark,Thailand,Surin,Surin Islands,region,2018-04-12,1,2018-04-12,2018,4,2018-04-01,Wedgefish_guitarfish,NA
https://www.thesmilingseahorse.com/blog/a-very-good-start,blotched fantail ray,Taeniurops,meyeni,Taeniurops meyeni,ray,Myanmar,Mergui,Mergui Archipelago,region,2015-10-30,5,2015-10-30,2015,10,2015-10-01,Resident_or_benthic,NA
https://www.thesmilingseahorse.com/blog/a-very-good-start,nurse shark,Nebrius,ferrugineus,Nebrius ferrugineus,shark,Myanmar,Mergui,Mergui Archipelago,region,2015-10-30,3,2015-10-30,2015,10,2015-10-01,Resident_or_benthic,NA
https://www.thesmilingseahorse.com/blog/a-very-good-start,zebra shark,Stegostoma,tigrinum,Stegostoma tigrinum,shark,Myanmar,Mergui,Mergui Archipelago,region,2015-10-30,1,2015-10-30,2015,10,2015-10-01,Resident_or_benthic,NA
https://www.thesmilingseahorse.com/blog/a-whale-shark-a-day,ocellated eagle ray,Aetobatus,ocellatus,Aetobatus ocellatus,ray,Myanmar,Mergui,Mergui Archipelago,region,2015-04-01,1,2015-04-01,2015,4,2015-04-01,Resident_or_benthic,arguable mobility
https://www.thesmilingseahorse.com/blog/a-whale-shark-a-day,blotched fantail ray,Taeniurops,meyeni,Taeniurops meyeni,ray,Myanmar,Mergui,Mergui Archipelago,region,2015-01-04,3,2015-01-04,2015,1,2015-01-01,Resident_or_benthic,NA
https://www.thesmilingseahorse.com/blog/a-whale-shark-a-day,nurse shark,Nebrius,ferrugineus,Nebrius ferrugineus,shark,Myanmar,Mergui,Mergui Archipelago,region,2015-01-04,2,2015-01-04,2015,1,2015-01-01,Resident_or_benthic,NA
https://www.thesmilingseahorse.com/blog/a-whale-shark-a-day,brown banded bamboo shark,Chiloscyllium,punctatum,Chiloscyllium punctatum,shark,Myanmar,Mergui,Mergui Archipelago,region,2015-01-04,7,2015-01-04,2015,1,2015-01-01,Resident_or_benthic,NA
https://www.thesmilingseahorse.com/blog/a-whale-shark-a-day,whale shark,Rhinocodon,typus,Rhinocodon typus,shark,Myanmar,Mergui,Mergui Archipelago,region,2015-01-04,7,2015-01-04,2015,1,2015-01-01,Large_pelagic,NA
https://www.thesmilingseahorse.com/blog/a-whale-shark-spotted-on-richelieu-rock-march-30th-2021,ocellated eagle ray,Aetobatus,ocellatus,Aetobatus ocellatus,ray,Thailand,Similan,Similan Islands,region,2021-03-25,1,2021-03-25,2021,3,2021-03-01,Resident_or_benthic,arguable mobility
https://www.thesmilingseahorse.com/blog/a-whale-shark-spotted-on-richelieu-rock-march-30th-2021,jenkins' whipray,Pateobatis,jenkinsii,Pateobatis jenkinsii,ray,Thailand,Similan,Similan Islands,region,2021-03-25,5,2021-03-25,2021,3,2021-03-01,Resident_or_benthic,NA
https://www.thesmilingseahorse.com/blog/a-whale-shark-spotted-on-richelieu-rock-march-30th-2021,blacktip reef shark,Carcharhinus,melanopterus,Carcharhinus melanopterus,shark,Thailand,Similan,Similan Islands,region,2021-03-25,5,2021-03-25,2021,3,2021-03-01,Reef_sharks,NA
https://www.thesmilingseahorse.com/blog/a-whale-shark-spotted-on-richelieu-rock-march-30th-2021,whale shark,Rhinocodon,typus,Rhinocodon typus,shark,Thailand,Similan,Similan Islands,region,2021-03-25,1,2021-03-25,2021,3,2021-03-01,Large_pelagic,NA
https://www.thesmilingseahorse.com/blog/a-wonderful-last-trip-in-burma,nurse shark,Nebrius,ferrugineus,Nebrius ferrugineus,shark,Myanmar,Mergui,Mergui Archipelago,region,2019-01-05,6,2019-01-05,2019,1,2019-01-01,Resident_or_benthic,NA
https://www.thesmilingseahorse.com/blog/a-wonderful-last-trip-in-burma,whale shark,Rhinocodon,typus,Rhinocodon typus,shark,Myanmar,Mergui,Mergui Archipelago,region,2019-01-05,1,2019-01-05,2019,1,2019-01-01,Large_pelagic,NA
https://www.thesmilingseahorse.com/blog/a-wonderfull-christmas-2020-cruise-to-surin-and-similan,ocellated eagle ray,Aetobatus,ocellatus,Aetobatus ocellatus,ray,Thailand,Similan,Koh Tachai,site,2020-12-21,1,2020-12-21,2020,12,2020-12-01,Resident_or_benthic,arguable mobility
https://www.thesmilingseahorse.com/blog/a-wonderfull-christmas-2020-cruise-to-surin-and-similan,tiger shark,Galeocerdo,cuvier,Galeocerdo cuvier,shark,Thailand,Surin,Surin Islands,region,2020-12-20,1,2020-12-20,2020,12,2020-12-01,Large_pelagic,NA
https://www.thesmilingseahorse.com/blog/a-wonderfull-christmas-2020-cruise-to-surin-and-similan,whitetip reef shark,Triaenodon,obesus,Triaenodon obesus,shark,Thailand,Similan,Shark Fin Reef,site,2020-12-22,2,2020-12-22,2020,12,2020-12-01,Reef_sharks,NA
https://www.thesmilingseahorse.com/blog/a-wonderfull-christmas-2020-cruise-to-surin-and-similan,guitarfish,Rhinobatidae,spp,Rhinobatidae spp,ray,Thailand,Surin,Richelieu Rock,site,2020-12-25,1,2020-12-25,2020,12,2020-12-01,Wedgefish_guitarfish,family/group-level
https://www.thesmilingseahorse.com/blog/always-a-pleasure-to-have-you-back-on-the-boat,porcupine ray,Urogymnus,asperrimus,Urogymnus asperrimus,ray,Myanmar,Mergui,Mergui Archipelago,region,2016-03-25,3,2016-03-25,2016,3,2016-03-01,Resident_or_benthic,NA
https://www.thesmilingseahorse.com/blog/amazing-thailand-a-trip-to-remember,oceanic manta,Mobula,birostris,Mobula birostris,ray,Thailand,Similan,North Ridge,site,2018-12-18,1,2018-12-18,2018,12,2018-12-01,Mobulids,NA
https://www.thesmilingseahorse.com/blog/amazing-thailand-a-trip-to-remember,ocellated eagle ray,Aetobatus,ocellatus,Aetobatus ocellatus,ray,Thailand,Surin,Surin Islands,region,2018-12-18,1,2018-12-18,2018,12,2018-12-01,Resident_or_benthic,arguable mobility
https://www.thesmilingseahorse.com/blog/amazing-thailand-a-trip-to-remember,ocellated eagle ray,Aetobatus,ocellatus,Aetobatus ocellatus,ray,Thailand,Similan,Koh Bon,site,2018-12-17,1,2018-12-17,2018,12,2018-12-01,Resident_or_benthic,arguable mobility
https://www.thesmilingseahorse.com/blog/amazing-thailand-a-trip-to-remember,blotched fantail ray,Taeniurops,meyeni,Taeniurops meyeni,ray,Thailand,Similan,North Ridge,site,2018-12-16,1,2018-12-16,2018,12,2018-12-01,Resident_or_benthic,NA
https://www.thesmilingseahorse.com/blog/amazing-thailand-a-trip-to-remember,blacktip reef shark,Carcharhinus,melanopterus,Carcharhinus melanopterus,shark,Thailand,Surin,Surin Islands,region,2018-12-18,3,2018-12-18,2018,12,2018-12-01,Reef_sharks,NA
https://www.thesmilingseahorse.com/blog/amazing-thailand-a-trip-to-remember,whitetip reef shark,Triaenodon,obesus,Triaenodon obesus,shark,Thailand,Surin,Surin Islands,region,2018-12-17,5,2018-12-17,2018,12,2018-12-01,Reef_sharks,NA
https://www.thesmilingseahorse.com/blog/and-again,oceanic manta,Mobula,birostris,Mobula birostris,ray,Myanmar,Mergui,Black Rock,site,2018-03-03,5,2018-03-03,2018,3,2018-03-01,Mobulids,NA
https://www.thesmilingseahorse.com/blog/and-last-trips-winner-is-the-pineapple-fish,oceanic manta,Mobula,birostris,Mobula birostris,ray,Myanmar,Mergui,Black Rock,site,2018-02-03,2,2018-02-03,2018,2,2018-02-01,Mobulids,NA
https://www.thesmilingseahorse.com/blog/and-last-trips-winner-is-the-pineapple-fish,nurse shark,Nebrius,ferrugineus,Nebrius ferrugineus,shark,Myanmar,Mergui,Shark Cave,site,2018-02-01,4,2018-02-01,2018,2,2018-02-01,Resident_or_benthic,NA
https://www.thesmilingseahorse.com/blog/and-last-trips-winner-is-the-pineapple-fish,blotched fantail ray,Taeniurops,meyeni,Taeniurops meyeni,ray,Myanmar,Mergui,Mergui Archipelago,region,2018-02-02,1,2018-02-02,2018,2,2018-02-01,Resident_or_benthic,NA
https://www.thesmilingseahorse.com/blog/another-great-trip-around-burma,whitetip reef shark,Triaenodon,obesus,Triaenodon obesus,shark,Myanmar,Mergui,Mergui Archipelago,region,2020-02-08,5,2020-02-08,2020,2,2020-02-01,Reef_sharks,NA
https://www.thesmilingseahorse.com/blog/another-great-trip-around-burma,nurse shark,Nebrius,ferrugineus,Nebrius ferrugineus,shark,Myanmar,Mergui,Mergui Archipelago,region,2020-02-10,10,2020-02-10,2020,2,2020-02-01,Resident_or_benthic,NA
https://www.thesmilingseahorse.com/blog/another-great-trip-around-burma,silvertip shark,Carcharhinus,albimarginatus,Carcharhinus albimarginatus,shark,Myanmar,Mergui,Mergui Archipelago,region,2020-02-11,5,2020-02-11,2020,2,2020-02-01,Large_coastal_sharks,NA
https://www.thesmilingseahorse.com/blog/another-great-trip-in-mergui-archipelago,oceanic manta,Mobula,birostris,Mobula birostris,ray,Myanmar,Mergui,Black Rock,site,2018-04-05,1,2018-04-05,2018,4,2018-04-01,Mobulids,NA
https://www.thesmilingseahorse.com/blog/another-great-trip-in-mergui-archipelago,ocellated eagle ray,Aetobatus,ocellatus,Aetobatus ocellatus,ray,Myanmar,Mergui,Black Rock,site,2018-04-05,4,2018-04-05,2018,4,2018-04-01,Resident_or_benthic,arguable mobility
https://www.thesmilingseahorse.com/blog/another-wonderful-cruise-in-mergui-archipelago,oceanic manta,Mobula,birostris,Mobula birostris,ray,Myanmar,Mergui,Black Rock,site,2016-01-25,3,2016-01-25,2016,1,2016-01-01,Mobulids,NA
https://www.thesmilingseahorse.com/blog/another-wonderful-cruise-in-mergui-archipelago,blotched fantail ray,Taeniurops,meyeni,Taeniurops meyeni,ray,Myanmar,Mergui,Shark Cave,site,2016-01-27,3,2016-01-27,2016,1,2016-01-01,Resident_or_benthic,NA
https://www.thesmilingseahorse.com/blog/back-to-burmas-best-spots,oceanic manta,Mobula,birostris,Mobula birostris,ray,Myanmar,Mergui,Black Rock,site,2018-11-25,2,2018-11-25,2018,11,2018-11-01,Mobulids,NA
https://www.thesmilingseahorse.com/blog/back-to-mac-leods-islands,nurse shark,Nebrius,ferrugineus,Nebrius ferrugineus,shark,Myanmar,Burma Banks,Burma Banks,region,2018-01-10,3,2018-01-10,2018,1,2018-01-01,Resident_or_benthic,NA
https://www.thesmilingseahorse.com/blog/back-to-north-twin,blotched fantail ray,Taeniurops,meyeni,Taeniurops meyeni,ray,Myanmar,Mergui,Mergui Archipelago,region,2016-11-20,3,2016-11-20,2016,11,2016-11-01,Resident_or_benthic,NA
https://www.thesmilingseahorse.com/blog/back-to-north-twin,nurse shark,Nebrius,ferrugineus,Nebrius ferrugineus,shark,Myanmar,Mergui,Mergui Archipelago,region,2016-11-20,5,2016-11-20,2016,11,2016-11-01,Resident_or_benthic,NA
https://www.thesmilingseahorse.com/blog/back-to-warm-water-and-30m-visibility,jenkins' whipray,Pateobatis,jenkinsii,Pateobatis jenkinsii,ray,Myanmar,Mergui,Mergui Archipelago,region,2016-11-18,4,2016-11-18,2016,11,2016-11-01,Resident_or_benthic,NA
https://www.thesmilingseahorse.com/blog/beautiful-burma,oceanic manta,Mobula,birostris,Mobula birostris,ray,Myanmar,Mergui,Mergui Archipelago,region,2019-04-22,1,2019-04-22,2019,4,2019-04-01,Mobulids,NA
https://www.thesmilingseahorse.com/blog/beautiful-burma,whale shark,Rhinocodon,typus,Rhinocodon typus,shark,Myanmar,Mergui,Mergui Archipelago,region,2019-04-22,1,2019-04-22,2019,4,2019-04-01,Large_pelagic,NA
https://www.thesmilingseahorse.com/blog/best-of-both-worlds-part-i,whale shark,Rhinocodon,typus,Rhinocodon typus,shark,Thailand,Surin,Surin Islands,region,2015-01-28,1,2015-01-28,2015,1,2015-01-01,Large_pelagic,NA
https://www.thesmilingseahorse.com/blog/best-of-both-worlds-part-ii,ocellated eagle ray,Aetobatus,ocellatus,Aetobatus ocellatus,ray,Myanmar,Mergui,Mergui Archipelago,region,2015-01-28,1,2015-01-28,2015,1,2015-01-01,Resident_or_benthic,arguable mobility
https://www.thesmilingseahorse.com/blog/best-of-both-worlds-part-ii,blotched fantail ray,Taeniurops,meyeni,Taeniurops meyeni,ray,Myanmar,Mergui,Mergui Archipelago,region,2015-01-28,5,2015-01-28,2015,1,2015-01-01,Resident_or_benthic,NA
https://www.thesmilingseahorse.com/blog/best-of-both-worlds-part-ii,nurse shark,Nebrius,ferrugineus,Nebrius ferrugineus,shark,Myanmar,Mergui,Mergui Archipelago,region,2015-01-28,3,2015-01-28,2015,1,2015-01-01,Resident_or_benthic,NA
https://www.thesmilingseahorse.com/blog/big-dinner,blotched fantail ray,Taeniurops,meyeni,Taeniurops meyeni,ray,Myanmar,Mergui,Mergui Archipelago,region,2015-12-04,12,2015-12-04,2015,12,2015-12-01,Resident_or_benthic,NA
https://www.thesmilingseahorse.com/blog/blackwater-expedition-exploring-the-nocturnal-ocean-wonders,jenkins' whipray,Pateobatis,jenkinsii,Pateobatis jenkinsii,ray,Thailand,Similan,Elephant Head Rock,site,2024-01-25,3,2024-01-25,2024,1,2024-01-01,Resident_or_benthic,NA
https://www.thesmilingseahorse.com/blog/blackwater-expedition-exploring-the-nocturnal-ocean-wonders,blotched fantail ray,Taeniurops,meyeni,Taeniurops meyeni,ray,Thailand,Similan,Koh Bon,site,2024-01-26,3,2024-01-26,2024,1,2024-01-01,Resident_or_benthic,NA
https://www.thesmilingseahorse.com/blog/blackwater-expedition-exploring-the-nocturnal-ocean-wonders,blotched fantail ray,Taeniurops,meyeni,Taeniurops meyeni,ray,Thailand,Similan,Koh Bon,site,2024-01-26,1,2024-01-26,2024,1,2024-01-01,Resident_or_benthic,NA
https://www.thesmilingseahorse.com/blog/blackwater-expedition-exploring-the-nocturnal-ocean-wonders,whitetip reef shark,Triaenodon,obesus,Triaenodon obesus,shark,Thailand,Similan,Elephant Head Rock,site,2024-01-25,5,2024-01-25,2024,1,2024-01-01,Reef_sharks,NA
https://www.thesmilingseahorse.com/blog/blackwater-expedition-exploring-the-nocturnal-ocean-wonders,nurse shark,Nebrius,ferrugineus,Nebrius ferrugineus,shark,Thailand,Similan,Elephant Head Rock,site,2024-01-25,3,2024-01-25,2024,1,2024-01-01,Resident_or_benthic,NA
https://www.thesmilingseahorse.com/blog/blackwater-expedition-exploring-the-nocturnal-ocean-wonders,guitarfish,Rhinobatidae,spp,Rhinobatidae spp,ray,Thailand,Similan,Elephant Head Rock,site,2024-01-25,1,2024-01-25,2024,1,2024-01-01,Wedgefish_guitarfish,family/group-level
https://www.thesmilingseahorse.com/blog/blackwater-expedition-exploring-the-nocturnal-ocean-wonders,blacktip reef shark,Carcharhinus,melanopterus,Carcharhinus melanopterus,shark,Thailand,Surin,Richelieu Rock,site,2024-01-27,1,2024-01-27,2024,1,2024-01-01,Reef_sharks,NA
https://www.thesmilingseahorse.com/blog/breaking-news-a-tiger-shark-has-been-sighted-in-similan-islands-in-thailand,tiger shark,Galeocerdo,cuvier,Galeocerdo cuvier,shark,Thailand,Similan,Elephant Head Rock,site,2020-11-18,1,2020-11-18,2020,11,2020-11-01,Large_pelagic,NA
https://www.thesmilingseahorse.com/blog/breaking-news-a-tiger-shark-has-been-sighted-in-similan-islands-in-thailand,tiger shark,Galeocerdo,cuvier,Galeocerdo cuvier,shark,Myanmar,Burma Banks,Burma Banks,region,2019-03-01,1,2019-03-01,2019,3,2019-03-01,Large_pelagic,NA
https://www.thesmilingseahorse.com/blog/breaking-news-a-tiger-shark-has-been-sighted-in-similan-islands-in-thailand,tiger shark,Galeocerdo,cuvier,Galeocerdo cuvier,shark,Myanmar,Burma Banks,Burma Banks,region,2019-11-01,1,2019-11-01,2019,11,2019-11-01,Large_pelagic,NA
https://www.thesmilingseahorse.com/blog/breaking-news-a-tiger-shark-has-been-sighted-in-similan-islands-in-thailand,tiger shark,Galeocerdo,cuvier,Galeocerdo cuvier,shark,Thailand,Surin,Surin Islands,region,2019-12-01,1,2019-12-01,2019,12,2019-12-01,Large_pelagic,NA
https://www.thesmilingseahorse.com/blog/burma-exploration-trip,blotched fantail ray,Taeniurops,meyeni,Taeniurops meyeni,ray,Myanmar,Mergui,Seafan Forest,site,2013-05-29,3,2013-05-29,2013,5,2013-05-01,Resident_or_benthic,NA
https://www.thesmilingseahorse.com/blog/burma-exploration-trip,bluespotted maskray,Neotrygon,kuhlii,Neotrygon kuhlii,ray,Myanmar,Mergui,Square Rock,site,2013-05-29,5,2013-05-29,2013,5,2013-05-01,Resident_or_benthic,NA
https://www.thesmilingseahorse.com/blog/burma-exploration-trip,grey reef shark,Carcharhinus,amblyrhynchos,Carcharhinus amblyrhynchos,shark,Myanmar,Mergui,Square Rock,site,2013-05-29,3,2013-05-29,2013,5,2013-05-01,Reef_sharks,mobile reef-associated
https://www.thesmilingseahorse.com/blog/burma-wonders,nurse shark,Nebrius,ferrugineus,Nebrius ferrugineus,shark,Myanmar,Mergui,Shark Cave,site,2012-11-24,3,2012-11-24,2012,11,2012-11-01,Resident_or_benthic,NA
https://www.thesmilingseahorse.com/blog/burma-wonders,nurse shark,Nebrius,ferrugineus,Nebrius ferrugineus,shark,Myanmar,Mergui,Shark Cave,site,2012-11-24,1,2012-11-24,2012,11,2012-11-01,Resident_or_benthic,NA
https://www.thesmilingseahorse.com/blog/burmese-reefs-alive,nurse shark,Nebrius,ferrugineus,Nebrius ferrugineus,shark,Myanmar,Mergui,Mergui Archipelago,region,2019-01-20,1,2019-01-20,2019,1,2019-01-01,Resident_or_benthic,NA
https://www.thesmilingseahorse.com/blog/chinese-new-year-trip-onboard-north-to-south-andaman-from-20th-to-25th-of-january-2023,blacktip reef shark,Carcharhinus,melanopterus,Carcharhinus melanopterus,shark,Thailand,Phuket,Koh Bida Nok,site,2023-01-23,1,2023-01-23,2023,1,2023-01-01,Reef_sharks,NA
https://www.thesmilingseahorse.com/blog/christmas-gifts-on-this-north-and-south-andaman-cruise-18-25-dec-2021,shark,Selachii,spp,Selachii spp,shark,Thailand,Similan,Similan Islands,region,2021-12-25,2,2021-12-25,2021,12,2021-12-01,Unresolved_group_level,group-level
https://www.thesmilingseahorse.com/blog/christmas-trip-in-the-north-andaman-19th-to-25th-of-december-2022,bluespotted maskray,Neotrygon,kuhlii,Neotrygon kuhlii,ray,Thailand,Surin,Surin Islands,region,2022-12-12,3,2022-12-12,2022,12,2022-12-01,Resident_or_benthic,NA
https://www.thesmilingseahorse.com/blog/christmas-trip-in-the-north-andaman-19th-to-25th-of-december-2022,shark,Carcharhinidae,spp,Carcharhinidae spp,shark,Thailand,Surin,Surin Islands,region,2022-12-12,1,2022-12-12,2022,12,2022-12-01,Unresolved_group_level,family/group-level
https://www.thesmilingseahorse.com/blog/clear-blue-sky-and-dolphins-dream-for-our-second-trip-of-the-season-on-the-andaman-sea,jenkins' whipray,Pateobatis,jenkinsii,Pateobatis jenkinsii,ray,Thailand,Surin,Surin Islands,region,2021-11-02,3,2021-11-02,2021,11,2021-11-01,Resident_or_benthic,NA
https://www.thesmilingseahorse.com/blog/clear-blue-sky-and-dolphins-dream-for-our-second-trip-of-the-season-on-the-andaman-sea,guitarfish,Rhinobatidae,spp,Rhinobatidae spp,ray,Thailand,Surin,Surin Islands,region,2021-11-02,1,2021-11-02,2021,11,2021-11-01,Wedgefish_guitarfish,family/group-level
https://www.thesmilingseahorse.com/blog/crazy-trip-in-the-mergui-archipelago,mobula ray,Mobula,spp,Mobula spp,ray,Myanmar,Burma Banks,Burma Banks,region,2020-01-31,1,2020-01-31,2020,1,2020-01-01,Mobulids,group-level
https://www.thesmilingseahorse.com/blog/crazy-trip-in-the-mergui-archipelago,blotched fantail ray,Taeniurops,meyeni,Taeniurops meyeni,ray,Myanmar,Burma Banks,Burma Banks,region,2020-01-31,3,2020-01-31,2020,1,2020-01-01,Resident_or_benthic,NA
https://www.thesmilingseahorse.com/blog/crazy-trip-in-the-mergui-archipelago,mangrove whipray,Urogymnus,granulatus,Urogymnus granulatus,ray,Myanmar,Burma Banks,Burma Banks,region,2020-01-31,1,2020-01-31,2020,1,2020-01-01,Resident_or_benthic,NA
https://www.thesmilingseahorse.com/blog/crazy-trip-in-the-mergui-archipelago,bluespotted maskray,Neotrygon,kuhlii,Neotrygon kuhlii,ray,Myanmar,Burma Banks,Burma Banks,region,2020-01-31,10,2020-01-31,2020,1,2020-01-01,Resident_or_benthic,NA
https://www.thesmilingseahorse.com/blog/crazy-trip-in-the-mergui-archipelago,ray,Batidae,spp,Batidae spp,ray,Myanmar,Burma Banks,Burma Banks,region,2020-01-31,10,2020-01-31,2020,1,2020-01-01,Resident_or_benthic,group-level
https://www.thesmilingseahorse.com/blog/crazy-trip-in-the-mergui-archipelago,nurse shark,Nebrius,ferrugineus,Nebrius ferrugineus,shark,Myanmar,Burma Banks,Burma Banks,region,2020-01-31,12,2020-01-31,2020,1,2020-01-01,Resident_or_benthic,NA
https://www.thesmilingseahorse.com/blog/crazy-trip-in-the-mergui-archipelago,silvertip shark,Carcharhinus,albimarginatus,Carcharhinus albimarginatus,shark,Myanmar,Burma Banks,Burma Banks,region,2020-01-31,5,2020-01-31,2020,1,2020-01-01,Large_coastal_sharks,NA
https://www.thesmilingseahorse.com/blog/crazy-trip-in-the-mergui-archipelago,grey reef shark,Carcharhinus,amblyrhynchos,Carcharhinus amblyrhynchos,shark,Myanmar,Burma Banks,Burma Banks,region,2020-01-31,6,2020-01-31,2020,1,2020-01-01,Reef_sharks,mobile reef-associated
https://www.thesmilingseahorse.com/blog/dive-trip-report-andaman-north-and-south-from-the-9th-to-the-16th-february,blacktip reef shark,Carcharhinus,melanopterus,Carcharhinus melanopterus,shark,Thailand,Similan,Koh Tachai,site,2024-02-11,3,2024-02-11,2024,2,2024-02-01,Reef_sharks,NA
https://www.thesmilingseahorse.com/blog/dive-trip-report-andaman-north-and-south-from-the-9th-to-the-16th-february,coral catshark,Atelomycterus,marmoratus,Atelomycterus marmoratus,shark,Thailand,Koh Lipe,Koh Lipe,site,2024-02-15,1,2024-02-15,2024,2,2024-02-01,Resident_or_benthic,NA
https://www.thesmilingseahorse.com/blog/dive-trip-report-andaman-north-and-south-from-the-9th-to-the-16th-february,blacktip reef shark,Carcharhinus,melanopterus,Carcharhinus melanopterus,shark,Thailand,Phuket,Koh Bida Nok,site,2024-02-15,5,2024-02-15,2024,2,2024-02-01,Reef_sharks,NA
https://www.thesmilingseahorse.com/blog/diving-4-of-the-best-marine-national-parks-in-thailand-and-wowed-once-more-by-richelieu-rock-trip-report-december-1st-to-8th-2024,blotched fantail ray,Taeniurops,meyeni,Taeniurops meyeni,ray,Thailand,Similan,Shark Fin Reef,site,2024-12-05,1,2024-12-05,2024,12,2024-12-01,Resident_or_benthic,NA
https://www.thesmilingseahorse.com/blog/diving-4-of-the-best-marine-national-parks-in-thailand-and-wowed-once-more-by-richelieu-rock-trip-report-december-1st-to-8th-2024,whitetip reef shark,Triaenodon,obesus,Triaenodon obesus,shark,Thailand,Similan,Shark Fin Reef,site,2024-12-05,1,2024-12-05,2024,12,2024-12-01,Reef_sharks,NA
https://www.thesmilingseahorse.com/blog/diving-burma-as-usual-pfiuuu,ocellated eagle ray,Aetobatus,ocellatus,Aetobatus ocellatus,ray,Myanmar,Mergui,Mergui Archipelago,region,2015-11-13,3,2015-11-13,2015,11,2015-11-01,Resident_or_benthic,arguable mobility
https://www.thesmilingseahorse.com/blog/diving-burma-as-usual-pfiuuu,ocellated eagle ray,Aetobatus,ocellatus,Aetobatus ocellatus,ray,Myanmar,Mergui,Mergui Archipelago,region,2015-11-13,2,2015-11-13,2015,11,2015-11-01,Resident_or_benthic,arguable mobility
https://www.thesmilingseahorse.com/blog/diving-burma-as-usual-pfiuuu,ocellated eagle ray,Aetobatus,ocellatus,Aetobatus ocellatus,ray,Myanmar,Mergui,Mergui Archipelago,region,2015-11-13,2,2015-11-13,2015,11,2015-11-01,Resident_or_benthic,arguable mobility
https://www.thesmilingseahorse.com/blog/diving-in-burma-gets-better-and-better,blotched fantail ray,Taeniurops,meyeni,Taeniurops meyeni,ray,Myanmar,Mergui,Shark Cave,site,2012-11-18,2,2012-11-18,2012,11,2012-11-01,Resident_or_benthic,NA
https://www.thesmilingseahorse.com/blog/diving-in-burma-gets-better-and-better,blotched fantail ray,Taeniurops,meyeni,Taeniurops meyeni,ray,Myanmar,Mergui,Shark Cave,site,2012-11-18,2,2012-11-18,2012,11,2012-11-01,Resident_or_benthic,NA
https://www.thesmilingseahorse.com/blog/diving-in-burma-gets-better-and-better,blacktip reef shark,Carcharhinus,melanopterus,Carcharhinus melanopterus,shark,Myanmar,Mergui,Shark Cave,site,2012-11-18,3,2012-11-18,2012,11,2012-11-01,Reef_sharks,NA
https://www.thesmilingseahorse.com/blog/diving-in-burma-gets-better-and-better,whitetip reef shark,Triaenodon,obesus,Triaenodon obesus,shark,Myanmar,Mergui,Shark Cave,site,2012-11-18,2,2012-11-18,2012,11,2012-11-01,Reef_sharks,NA
https://www.thesmilingseahorse.com/blog/diving-in-burma-gets-better-and-better,nurse shark,Nebrius,ferrugineus,Nebrius ferrugineus,shark,Myanmar,Mergui,Shark Cave,site,2012-11-18,1,2012-11-18,2012,11,2012-11-01,Resident_or_benthic,NA
https://www.thesmilingseahorse.com/blog/diving-mergui-archipelago,oceanic manta,Mobula,birostris,Mobula birostris,ray,Myanmar,Mergui,Mergui Archipelago,region,2012-03-14,1,2012-03-14,2012,3,2012-03-01,Mobulids,NA
https://www.thesmilingseahorse.com/blog/diving-myanmar-trip-report-from-12th-to-20th-november-2024,porcupine ray,Urogymnus,asperrimus,Urogymnus asperrimus,ray,Myanmar,Burma Banks,Burma Banks,region,2024-11-15,3,2024-11-15,2024,11,2024-11-01,Resident_or_benthic,NA
https://www.thesmilingseahorse.com/blog/diving-myanmar-trip-report-from-12th-to-20th-november-2024,nurse shark,Nebrius,ferrugineus,Nebrius ferrugineus,shark,Myanmar,Burma Banks,Burma Banks,region,2024-11-15,12,2024-11-15,2024,11,2024-11-01,Resident_or_benthic,NA
https://www.thesmilingseahorse.com/blog/diving-myanmar-trip-report-from-12th-to-20th-november-2024,bowmouth guitarfish,Rhina,anclyostoma,Rhina anclyostomus,ray,Myanmar,Burma Banks,Burma Banks,region,2024-11-16,1,2024-11-16,2024,11,2024-11-01,Wedgefish_guitarfish,NA
https://www.thesmilingseahorse.com/blog/diving-the-enchanting-mergui-archipelago-in-myanmar-5th-to-12th-of-march-2024,oceanic manta,Mobula,birostris,Mobula birostris,ray,Myanmar,Mergui,Black Rock,site,2024-03-09,1,2024-03-09,2024,3,2024-03-01,Mobulids,NA
https://www.thesmilingseahorse.com/blog/diving-the-enchanting-mergui-archipelago-in-myanmar-5th-to-12th-of-march-2024,ocellated eagle ray,Aetobatus,ocellatus,Aetobatus ocellatus,ray,Myanmar,Mergui,Dragon Island,site,2024-03-06,1,2024-03-06,2024,3,2024-03-01,Resident_or_benthic,arguable mobility
https://www.thesmilingseahorse.com/blog/diving-the-enchanting-mergui-archipelago-in-myanmar-5th-to-12th-of-march-2024,nurse shark,Nebrius,ferrugineus,Nebrius ferrugineus,shark,Myanmar,Burma Banks,Burma Banks,region,2024-03-10,5,2024-03-10,2024,3,2024-03-01,Resident_or_benthic,NA
https://www.thesmilingseahorse.com/blog/diving-the-enchanting-mergui-archipelago-in-myanmar-5th-to-12th-of-march-2024,nurse shark,Nebrius,ferrugineus,Nebrius ferrugineus,shark,Myanmar,Mergui,Tower Rock,site,2024-03-06,1,2024-03-06,2024,3,2024-03-01,Resident_or_benthic,NA
https://www.thesmilingseahorse.com/blog/diving-was-awesome-organization-perfect,whale shark,Rhinocodon,typus,Rhinocodon typus,shark,Thailand,Similan,Similan Islands,region,2015-10-22,2,2015-10-22,2015,10,2015-10-01,Large_pelagic,NA
https://www.thesmilingseahorse.com/blog/dream-diving-in-the-mergui-archipelago,blotched fantail ray,Taeniurops,meyeni,Taeniurops meyeni,ray,Myanmar,Mergui,Shark Cave,site,2017-01-20,3,2017-01-20,2017,1,2017-01-01,Resident_or_benthic,NA
https://www.thesmilingseahorse.com/blog/dream-diving-in-the-mergui-archipelago,brown banded bamboo shark,Chiloscyllium,punctatum,Chiloscyllium punctatum,shark,Myanmar,Mergui,Shark Cave,site,2017-01-20,3,2017-01-20,2017,1,2017-01-01,Resident_or_benthic,NA
https://www.thesmilingseahorse.com/blog/eagle-ray-at-seafan-forest,ocellated eagle ray,Aetobatus,ocellatus,Aetobatus ocellatus,ray,Myanmar,Mergui,Seafan Forest,site,2017-04-16,1,2017-04-16,2017,4,2017-04-01,Resident_or_benthic,arguable mobility
https://www.thesmilingseahorse.com/blog/eagle-ray-at-seafan-forest,nurse shark,Nebrius,ferrugineus,Nebrius ferrugineus,shark,Myanmar,Mergui,Tower Rock,site,2017-04-16,3,2017-04-16,2017,4,2017-04-01,Resident_or_benthic,NA
https://www.thesmilingseahorse.com/blog/endless-blue-waters,ocellated eagle ray,Aetobatus,ocellatus,Aetobatus ocellatus,ray,Myanmar,Mergui,North Twin,site,2017-04-25,2,2017-04-25,2017,4,2017-04-01,Resident_or_benthic,arguable mobility
https://www.thesmilingseahorse.com/blog/endless-blue-waters,ocellated eagle ray,Aetobatus,ocellatus,Aetobatus ocellatus,ray,Myanmar,Mergui,Shark Cave,site,2017-04-25,2,2017-04-25,2017,4,2017-04-01,Resident_or_benthic,arguable mobility
https://www.thesmilingseahorse.com/blog/endless-blue-waters,grey reef shark,Carcharhinus,amblyrhynchos,Carcharhinus amblyrhynchos,shark,Myanmar,Mergui,Black Rock,site,2017-04-23,1,2017-04-23,2017,4,2017-04-01,Reef_sharks,mobile reef-associated
https://www.thesmilingseahorse.com/blog/enthousiastic-is-the-word,blotched fantail ray,Taeniurops,meyeni,Taeniurops meyeni,ray,Myanmar,Mergui,Mergui Archipelago,region,2017-02-25,3,2017-02-25,2017,2,2017-02-01,Resident_or_benthic,NA
https://www.thesmilingseahorse.com/blog/enthousiastic-is-the-word,whitetip reef shark,Triaenodon,obesus,Triaenodon obesus,shark,Myanmar,Mergui,Mergui Archipelago,region,2017-02-25,5,2017-02-25,2017,2,2017-02-01,Reef_sharks,NA
https://www.thesmilingseahorse.com/blog/epic-cruise-to-end-the-season,oceanic manta,Mobula,birostris,Mobula birostris,ray,Myanmar,Mergui,Mergui Archipelago,region,2018-04-28,1,2018-04-28,2018,4,2018-04-01,Mobulids,NA
https://www.thesmilingseahorse.com/blog/epic-cruise-to-end-the-season,bluespotted maskray,Neotrygon,kuhlii,Neotrygon kuhlii,ray,Myanmar,Mergui,Mergui Archipelago,region,2018-04-28,5,2018-04-28,2018,4,2018-04-01,Resident_or_benthic,NA
https://www.thesmilingseahorse.com/blog/epic-cruise-to-end-the-season,blotched fantail ray,Taeniurops,meyeni,Taeniurops meyeni,ray,Myanmar,Mergui,Mergui Archipelago,region,2018-04-28,5,2018-04-28,2018,4,2018-04-01,Resident_or_benthic,NA
https://www.thesmilingseahorse.com/blog/epic-cruise-to-end-the-season,ocellated eagle ray,Aetobatus,ocellatus,Aetobatus ocellatus,ray,Myanmar,Mergui,Mergui Archipelago,region,2018-04-28,4,2018-04-28,2018,4,2018-04-01,Resident_or_benthic,arguable mobility
https://www.thesmilingseahorse.com/blog/epic-cruise-to-end-the-season,whale shark,Rhinocodon,typus,Rhinocodon typus,shark,Myanmar,Mergui,Mergui Archipelago,region,2018-04-28,1,2018-04-28,2018,4,2018-04-01,Large_pelagic,NA
https://www.thesmilingseahorse.com/blog/experiancia-unica,shark,Carcharhinidae,spp,Carcharhinidae spp,shark,Myanmar,Mergui,Mergui Archipelago,region,2014-11-24,5,2014-11-24,2014,11,2014-11-01,Unresolved_group_level,family/group-level
https://www.thesmilingseahorse.com/blog/experiancia-unica,whale shark,Rhinocodon,typus,Rhinocodon typus,shark,Myanmar,Mergui,Mergui Archipelago,region,2014-11-24,1,2014-11-24,2014,11,2014-11-01,Large_pelagic,NA
https://www.thesmilingseahorse.com/blog/exploring-the-burma-banks,blacktip reef shark,Carcharhinus,melanopterus,Carcharhinus melanopterus,shark,Myanmar,Mergui,Black Rock,site,2017-04-04,12,2017-04-04,2017,4,2017-04-01,Reef_sharks,NA
https://www.thesmilingseahorse.com/blog/exploring-the-burma-banks,blacktip reef shark,Carcharhinus,melanopterus,Carcharhinus melanopterus,shark,Myanmar,Burma Banks,Burma Banks,region,2017-04-04,1,2017-04-04,2017,4,2017-04-01,Reef_sharks,NA
https://www.thesmilingseahorse.com/blog/exploring-the-burma-banks7156581,oceanic manta,Mobula,birostris,Mobula birostris,ray,Myanmar,Mergui,Mergui Archipelago,region,2018-03-31,5,2018-03-31,2018,3,2018-03-01,Mobulids,NA
https://www.thesmilingseahorse.com/blog/exploring-the-burma-banks7156581,blacktip reef shark,Carcharhinus,melanopterus,Carcharhinus melanopterus,shark,Myanmar,Burma Banks,Burma Banks,region,2018-03-31,5,2018-03-31,2018,3,2018-03-01,Reef_sharks,NA
https://www.thesmilingseahorse.com/blog/exploring-the-burma-banks7156581,grey reef shark,Carcharhinus,amblyrhynchos,Carcharhinus amblyrhynchos,shark,Myanmar,Burma Banks,Burma Banks,region,2018-03-31,3,2018-03-31,2018,3,2018-03-01,Reef_sharks,mobile reef-associated
https://www.thesmilingseahorse.com/blog/exploring-the-burma-banks7156581,nurse shark,Nebrius,ferrugineus,Nebrius ferrugineus,shark,Myanmar,Burma Banks,Burma Banks,region,2018-03-31,12,2018-03-31,2018,3,2018-03-01,Resident_or_benthic,NA
https://www.thesmilingseahorse.com/blog/fantastic-food-awesome-dives-very-good-organisation,oceanic manta,Mobula,birostris,Mobula birostris,ray,Thailand,Similan,Similan Islands,region,2014-11-26,3,2014-11-26,2014,11,2014-11-01,Mobulids,NA
https://www.thesmilingseahorse.com/blog/february-12th-2019,ocellated eagle ray,Aetobatus,ocellatus,Aetobatus ocellatus,ray,Myanmar,Mergui,Mergui Archipelago,region,2019-02-12,1,2019-02-12,2019,2,2019-02-01,Resident_or_benthic,arguable mobility
https://www.thesmilingseahorse.com/blog/february-12th-2019,blotched fantail ray,Taeniurops,meyeni,Taeniurops meyeni,ray,Myanmar,Mergui,Mergui Archipelago,region,2019-02-12,1,2019-02-12,2019,2,2019-02-01,Resident_or_benthic,NA
https://www.thesmilingseahorse.com/blog/february-12th-2019,whale shark,Rhinocodon,typus,Rhinocodon typus,shark,Myanmar,Mergui,Mergui Archipelago,region,2019-02-12,1,2019-02-12,2019,2,2019-02-01,Large_pelagic,NA
https://www.thesmilingseahorse.com/blog/first-cruise-of-the-season,bluespotted maskray,Neotrygon,kuhlii,Neotrygon kuhlii,ray,Myanmar,Mergui,Mergui Archipelago,region,2012-11-11,1,2012-11-11,2012,11,2012-11-01,Resident_or_benthic,NA
https://www.thesmilingseahorse.com/blog/first-cruise-of-the-season,nurse shark,Nebrius,ferrugineus,Nebrius ferrugineus,shark,Myanmar,Mergui,Cathedral,site,2012-11-11,1,2012-11-11,2012,11,2012-11-01,Resident_or_benthic,NA
https://www.thesmilingseahorse.com/blog/first-manta-at-black-rock,oceanic manta,Mobula,birostris,Mobula birostris,ray,Myanmar,Mergui,Black Rock,site,2017-12-15,1,2017-12-15,2017,12,2017-12-01,Mobulids,NA
https://www.thesmilingseahorse.com/blog/first-north-and-south-andaman-cruise-for-the-smiling-seahorse,oceanic manta,Mobula,birostris,Mobula birostris,ray,Thailand,Koh Lanta,Hin Daeng,site,2021-12-10,1,2021-12-10,2021,12,2021-12-01,Mobulids,NA
https://www.thesmilingseahorse.com/blog/first-thailand-trip-of-the-year,oceanic manta,Mobula,birostris,Mobula birostris,ray,Thailand,Similan,Koh Tachai,site,2015-01-16,1,2015-01-16,2015,1,2015-01-01,Mobulids,NA
https://www.thesmilingseahorse.com/blog/first-trip-in-thailand-for-2016,oceanic manta,Mobula,birostris,Mobula birostris,ray,Thailand,Surin,Surin Islands,region,2016-01-17,1,2016-01-17,2016,1,2016-01-01,Mobulids,NA
https://www.thesmilingseahorse.com/blog/first-trip-in-thailand-for-2016,zebra shark,Stegostoma,tigrinum,Stegostoma tigrinum,shark,Thailand,Surin,Surin Islands,region,2016-01-17,1,2016-01-17,2016,1,2016-01-01,Resident_or_benthic,NA
https://www.thesmilingseahorse.com/blog/first-trip-of-the-season-what-an-apetizer,blotched fantail ray,Taeniurops,meyeni,Taeniurops meyeni,ray,Thailand,Surin,Surin Islands,region,2016-11-06,5,2016-11-06,2016,11,2016-11-01,Resident_or_benthic,NA
https://www.thesmilingseahorse.com/blog/first-trip-of-the-season-what-an-apetizer,whitetip reef shark,Triaenodon,obesus,Triaenodon obesus,shark,Thailand,Surin,Surin Islands,region,2016-11-06,2,2016-11-06,2016,11,2016-11-01,Reef_sharks,NA
https://www.thesmilingseahorse.com/blog/first-trip-of-the-season-what-an-apetizer,blacktip reef shark,Carcharhinus,melanopterus,Carcharhinus melanopterus,shark,Thailand,Surin,Surin Islands,region,2016-11-06,3,2016-11-06,2016,11,2016-11-01,Reef_sharks,NA
https://www.thesmilingseahorse.com/blog/first-trip-of-the-season-what-an-apetizer,zebra shark,Stegostoma,tigrinum,Stegostoma tigrinum,shark,Thailand,Surin,Surin Islands,region,2016-11-06,1,2016-11-06,2016,11,2016-11-01,Resident_or_benthic,NA
https://www.thesmilingseahorse.com/blog/first-whale-shark-of-the-season-in-burma,nurse shark,Nebrius,ferrugineus,Nebrius ferrugineus,shark,Myanmar,Mergui,Mergui Archipelago,region,2018-12-14,1,2018-12-14,2018,12,2018-12-01,Resident_or_benthic,NA
https://www.thesmilingseahorse.com/blog/first-whale-shark-of-the-season-in-burma,brown banded bamboo shark,Chiloscyllium,punctatum,Chiloscyllium punctatum,shark,Myanmar,Mergui,Mergui Archipelago,region,2018-12-14,3,2018-12-14,2018,12,2018-12-01,Resident_or_benthic,NA
https://www.thesmilingseahorse.com/blog/first-whale-shark-of-the-season-in-burma,whale shark,Rhinocodon,typus,Rhinocodon typus,shark,Myanmar,Mergui,Mergui Archipelago,region,2018-12-14,1,2018-12-14,2018,12,2018-12-01,Large_pelagic,NA
https://www.thesmilingseahorse.com/blog/fresh-start-of-the-new-season-and-already-great-reviews,whitetip reef shark,Triaenodon,obesus,Triaenodon obesus,shark,Myanmar,Mergui,Mergui Archipelago,region,2018-12-14,1,2018-12-14,2018,12,2018-12-01,Reef_sharks,NA
https://www.thesmilingseahorse.com/blog/frog-fishs-enjoy-their-quiet-hangout-in-mergui-archipelago,nurse shark,Nebrius,ferrugineus,Nebrius ferrugineus,shark,Myanmar,Mergui,Mergui Archipelago,region,2013-09-01,1,2013-09-01,2013,9,2013-09-01,Resident_or_benthic,NA
https://www.thesmilingseahorse.com/blog/full-moon-diving-party,ocellated eagle ray,Aetobatus,ocellatus,Aetobatus ocellatus,ray,Myanmar,Mergui,Mergui Archipelago,region,2019-12-21,3,2019-12-21,2019,12,2019-12-01,Resident_or_benthic,arguable mobility
https://www.thesmilingseahorse.com/blog/full-moon-diving-party,jenkins' whipray,Pateobatis,jenkinsii,Pateobatis jenkinsii,ray,Myanmar,Mergui,Mergui Archipelago,region,2019-12-21,8,2019-12-21,2019,12,2019-12-01,Resident_or_benthic,NA
https://www.thesmilingseahorse.com/blog/full-moon-diving-party,blotched fantail ray,Taeniurops,meyeni,Taeniurops meyeni,ray,Myanmar,Mergui,Mergui Archipelago,region,2019-12-21,5,2019-12-21,2019,12,2019-12-01,Resident_or_benthic,NA
https://www.thesmilingseahorse.com/blog/full-moon-diving-party,grey reef shark,Carcharhinus,amblyrhynchos,Carcharhinus amblyrhynchos,shark,Myanmar,Mergui,Mergui Archipelago,region,2019-12-21,3,2019-12-21,2019,12,2019-12-01,Reef_sharks,mobile reef-associated
https://www.thesmilingseahorse.com/blog/full-moon-diving-party,guitarfish,Rhinobatidae,spp,Rhinobatidae spp,ray,Myanmar,Mergui,Mergui Archipelago,region,2019-12-21,1,2019-12-21,2019,12,2019-12-01,Wedgefish_guitarfish,family/group-level
https://www.thesmilingseahorse.com/blog/good-bye-2020-hello-2021,ocellated eagle ray,Aetobatus,ocellatus,Aetobatus ocellatus,ray,Thailand,Surin,Richelieu Rock,site,2021-01-08,1,2021-01-08,2021,1,2021-01-01,Resident_or_benthic,arguable mobility
https://www.thesmilingseahorse.com/blog/good-bye-2020-hello-2021,whitetip reef shark,Triaenodon,obesus,Triaenodon obesus,shark,Thailand,Similan,Shark Fin Reef,site,2021-01-08,3,2021-01-08,2021,1,2021-01-01,Reef_sharks,NA
https://www.thesmilingseahorse.com/blog/good-bye-2020-hello-2021,tiger shark,Galeocerdo,cuvier,Galeocerdo cuvier,shark,Thailand,Similan,Shark Fin Reef,site,2021-01-08,1,2021-01-08,2021,1,2021-01-01,Large_pelagic,NA
https://www.thesmilingseahorse.com/blog/good-bye-2020-hello-2021,whitetip reef shark,Triaenodon,obesus,Triaenodon obesus,shark,Thailand,Similan,Elephant Head Rock,site,2021-01-08,5,2021-01-08,2021,1,2021-01-01,Reef_sharks,NA
https://www.thesmilingseahorse.com/blog/great-atmosphere-on-board,jenkins' whipray,Pateobatis,jenkinsii,Pateobatis jenkinsii,ray,Thailand,Similan,Similan Islands,region,2019-02-15,1,2019-02-15,2019,2,2019-02-01,Resident_or_benthic,NA
https://www.thesmilingseahorse.com/blog/great-atmosphere-on-board,blotched fantail ray,Taeniurops,meyeni,Taeniurops meyeni,ray,Thailand,Similan,Similan Islands,region,2019-02-15,1,2019-02-15,2019,2,2019-02-01,Resident_or_benthic,NA
https://www.thesmilingseahorse.com/blog/great-atmosphere-on-board,bluespotted maskray,Neotrygon,kuhlii,Neotrygon kuhlii,ray,Thailand,Similan,Similan Islands,region,2019-02-15,3,2019-02-15,2019,2,2019-02-01,Resident_or_benthic,NA
https://www.thesmilingseahorse.com/blog/great-trip-with-friends,jenkins' whipray,Pateobatis,jenkinsii,Pateobatis jenkinsii,ray,Myanmar,Mergui,Mergui Archipelago,region,2016-12-16,3,2016-12-16,2016,12,2016-12-01,Resident_or_benthic,NA
https://www.thesmilingseahorse.com/blog/great-trip-with-friends,ocellated eagle ray,Aetobatus,ocellatus,Aetobatus ocellatus,ray,Myanmar,Mergui,Mergui Archipelago,region,2016-12-16,2,2016-12-16,2016,12,2016-12-01,Resident_or_benthic,arguable mobility
https://www.thesmilingseahorse.com/blog/great-trip-with-friends,nurse shark,Nebrius,ferrugineus,Nebrius ferrugineus,shark,Myanmar,Mergui,Mergui Archipelago,region,2016-12-16,1,2016-12-16,2016,12,2016-12-01,Resident_or_benthic,NA
https://www.thesmilingseahorse.com/blog/happy-new-year,ocellated eagle ray,Aetobatus,ocellatus,Aetobatus ocellatus,ray,Myanmar,Mergui,Mergui Archipelago,region,2016-01-05,3,2016-01-05,2016,1,2016-01-01,Resident_or_benthic,arguable mobility
https://www.thesmilingseahorse.com/blog/happy-new-year,blotched fantail ray,Taeniurops,meyeni,Taeniurops meyeni,ray,Myanmar,Mergui,Mergui Archipelago,region,2016-01-05,3,2016-01-05,2016,1,2016-01-01,Resident_or_benthic,NA
https://www.thesmilingseahorse.com/blog/happy-new-year,nurse shark,Nebrius,ferrugineus,Nebrius ferrugineus,shark,Myanmar,Mergui,Shark Cave,site,2016-01-05,2,2016-01-05,2016,1,2016-01-01,Resident_or_benthic,NA
https://www.thesmilingseahorse.com/blog/happy-new-year-trip-north-to-south-andaman-from-27th-of-december-2022-to-3rd-of-january,mobula ray,Mobula,spp,Mobula spp,ray,Thailand,Koh Lipe,8 Mile Rock,site,2022-01-11,1,2022-01-11,2022,1,2022-01-01,Mobulids,group-level
https://www.thesmilingseahorse.com/blog/happy-new-year-trip-north-to-south-andaman-from-27th-of-december-2022-to-3rd-of-january,guitarfish,Rhinobatidae,spp,Rhinobatidae spp,ray,Thailand,Surin,Surin Islands,region,2022-01-11,1,2022-01-11,2022,1,2022-01-01,Wedgefish_guitarfish,family/group-level
https://www.thesmilingseahorse.com/blog/happy-new-year-trip-north-to-south-andaman-from-27th-of-december-2022-to-3rd-of-january,zebra shark,Stegostoma,tigrinum,Stegostoma tigrinum,shark,Thailand,Similan,Boulder City,site,2022-01-11,1,2022-01-11,2022,1,2022-01-01,Resident_or_benthic,NA
https://www.thesmilingseahorse.com/blog/happy-new-year-trip-north-to-south-andaman-from-27th-of-december-2022-to-3rd-of-january,blacktip reef shark,Carcharhinus,melanopterus,Carcharhinus melanopterus,shark,Thailand,Phuket,Koh Bida Nok,site,2022-01-11,6,2022-01-11,2022,1,2022-01-01,Reef_sharks,NA
https://www.thesmilingseahorse.com/blog/happy-new-year-trip-north-to-south-andaman-from-27th-of-december-2022-to-3rd-of-january,zebra shark,Stegostoma,tigrinum,Stegostoma tigrinum,shark,Thailand,Phuket,Shark Point,site,2022-01-11,1,2022-01-11,2022,1,2022-01-01,Resident_or_benthic,NA
https://www.thesmilingseahorse.com/blog/happy-new-year9650840,ocellated eagle ray,Aetobatus,ocellatus,Aetobatus ocellatus,ray,Myanmar,Mergui,Mergui Archipelago,region,2017-01-07,1,2017-01-07,2017,1,2017-01-01,Resident_or_benthic,arguable mobility
https://www.thesmilingseahorse.com/blog/happy-new-year9650840,blotched fantail ray,Taeniurops,meyeni,Taeniurops meyeni,ray,Myanmar,Mergui,Mergui Archipelago,region,2017-01-07,4,2017-01-07,2017,1,2017-01-01,Resident_or_benthic,NA
https://www.thesmilingseahorse.com/blog/happy-new-year9650840,nurse shark,Nebrius,ferrugineus,Nebrius ferrugineus,shark,Myanmar,Mergui,Mergui Archipelago,region,2017-01-07,5,2017-01-07,2017,1,2017-01-01,Resident_or_benthic,NA
https://www.thesmilingseahorse.com/blog/hello-big-guys,whale shark,Rhinocodon,typus,Rhinocodon typus,shark,Myanmar,Mergui,North Twin,site,2017-03-21,1,2017-03-21,2017,3,2017-03-01,Large_pelagic,NA
https://www.thesmilingseahorse.com/blog/huge-manta-in-myanmar,oceanic manta,Mobula,birostris,Mobula birostris,ray,Myanmar,Mergui,North Twin,site,2015-11-20,1,2015-11-20,2015,11,2015-11-01,Mobulids,NA
https://www.thesmilingseahorse.com/blog/im-so-glad-i-chose-to-dive-with-you,whale shark,Rhinocodon,typus,Rhinocodon typus,shark,Thailand,Similan,Similan Islands,region,2014-11-13,1,2014-11-13,2014,11,2014-11-01,Large_pelagic,NA
https://www.thesmilingseahorse.com/blog/incredible-thailand,oceanic manta,Mobula,birostris,Mobula birostris,ray,Thailand,Surin,Koh Surin,region,2014-11-13,1,2014-11-13,2014,11,2014-11-01,Mobulids,NA
https://www.thesmilingseahorse.com/blog/incredible-thailand,oceanic manta,Mobula,birostris,Mobula birostris,ray,Thailand,Surin,Koh Surin,region,2014-11-13,1,2014-11-13,2014,11,2014-11-01,Mobulids,NA
https://www.thesmilingseahorse.com/blog/incredible-thailand,whale shark,Rhinocodon,typus,Rhinocodon typus,shark,Thailand,Surin,Koh Chi,site,2014-11-29,1,2014-11-29,2014,11,2014-11-01,Large_pelagic,NA
https://www.thesmilingseahorse.com/blog/january-29th-2017,ocellated eagle ray,Aetobatus,ocellatus,Aetobatus ocellatus,ray,Myanmar,Mergui,Mergui Archipelago,region,2017-01-29,3,2017-01-29,2017,1,2017-01-01,Resident_or_benthic,arguable mobility
https://www.thesmilingseahorse.com/blog/january-29th-2017,oceanic manta,Mobula,birostris,Mobula birostris,ray,Myanmar,Mergui,Mergui Archipelago,region,2017-01-29,1,2017-01-29,2017,1,2017-01-01,Mobulids,NA
https://www.thesmilingseahorse.com/blog/january-29th-2017,nurse shark,Nebrius,ferrugineus,Nebrius ferrugineus,shark,Myanmar,Mergui,Mergui Archipelago,region,2017-01-29,5,2017-01-29,2017,1,2017-01-01,Resident_or_benthic,NA
https://www.thesmilingseahorse.com/blog/january-29th-2017,blotched fantail ray,Taeniurops,meyeni,Taeniurops meyeni,ray,Myanmar,Mergui,Mergui Archipelago,region,2017-01-29,2,2017-01-29,2017,1,2017-01-01,Resident_or_benthic,NA
https://www.thesmilingseahorse.com/blog/koh-tachai-unforgettable-thats-what-you-are,zebra shark,Stegostoma,tigrinum,Stegostoma tigrinum,shark,Thailand,Similan,Koh Bon,site,2014-12-26,1,2014-12-26,2014,12,2014-12-01,Resident_or_benthic,NA
https://www.thesmilingseahorse.com/blog/last-reviews-from-our-dear-guests-from-all-around-the-world,oceanic manta,Mobula,birostris,Mobula birostris,ray,Thailand,Similan,Similan Islands,region,2014-12-26,3,2014-12-26,2014,12,2014-12-01,Mobulids,NA
https://www.thesmilingseahorse.com/blog/last-reviews-of-the-season,oceanic manta,Mobula,birostris,Mobula birostris,ray,Myanmar,Mergui,Mergui Archipelago,region,2018-04-30,1,2018-04-30,2018,4,2018-04-01,Mobulids,NA
https://www.thesmilingseahorse.com/blog/last-reviews-of-the-season,whale shark,Rhinocodon,typus,Rhinocodon typus,shark,Myanmar,Mergui,Mergui Archipelago,region,2018-04-30,1,2018-04-30,2018,4,2018-04-01,Large_pelagic,NA
https://www.thesmilingseahorse.com/blog/last-reviews-thank-you,reef manta,Mobula,alfredii,Mobula alfredii,ray,Myanmar,Mergui,Black Rock,site,2018-04-12,3,2018-04-12,2018,4,2018-04-01,Mobulids,NA
https://www.thesmilingseahorse.com/blog/last-reviews-thank-you,whale shark,Rhinocodon,typus,Rhinocodon typus,shark,Myanmar,Mergui,Mergui Archipelago,region,2018-04-12,1,2018-04-12,2018,4,2018-04-01,Large_pelagic,NA
https://www.thesmilingseahorse.com/blog/last-trip-of-the-season-may-1st-to-9th-2019,whale shark,Rhinocodon,typus,Rhinocodon typus,shark,Thailand,Similan,Similan Islands,region,2018-04-12,1,2018-04-12,2018,4,2018-04-01,Large_pelagic,NA
https://www.thesmilingseahorse.com/blog/leopard-sharks-are-dancing-in-burma,ocellated eagle ray,Aetobatus,ocellatus,Aetobatus ocellatus,ray,Myanmar,Mergui,Shark Cave,site,2015-12-19,1,2015-12-19,2015,12,2015-12-01,Resident_or_benthic,arguable mobility
https://www.thesmilingseahorse.com/blog/leopard-sharks-are-dancing-in-burma,blotched fantail ray,Taeniurops,meyeni,Taeniurops meyeni,ray,Myanmar,Mergui,Mergui Archipelago,region,2015-12-19,1,2015-12-19,2015,12,2015-12-01,Resident_or_benthic,NA
https://www.thesmilingseahorse.com/blog/leopard-sharks-are-dancing-in-burma,zebra shark,Stegostoma,tigrinum,Stegostoma tigrinum,shark,Myanmar,Mergui,Mergui Archipelago,region,2015-12-19,2,2015-12-19,2015,12,2015-12-01,Resident_or_benthic,NA
https://www.thesmilingseahorse.com/blog/liveaboard-dive-trip-report-mergui-archipelago-march-6-12-2025,oceanic manta,Mobula,birostris,Mobula birostris,ray,Myanmar,Mergui,Black Rock,site,2025-03-08,3,2025-03-08,2025,3,2025-03-01,Mobulids,NA
https://www.thesmilingseahorse.com/blog/liveaboard-dive-trip-report-mergui-archipelago-march-6-12-2025,oceanic manta,Mobula,birostris,Mobula birostris,ray,Thailand,Similan,Eagle Rock,site,2025-03-10,1,2025-03-10,2025,3,2025-03-01,Mobulids,NA
https://www.thesmilingseahorse.com/blog/liveaboard-dive-trip-report-mergui-archipelago-march-6-12-2025,blotched fantail ray,Taeniurops,meyeni,Taeniurops meyeni,ray,Myanmar,Mergui,Square Rock,site,2025-03-09,1,2025-03-09,2025,3,2025-03-01,Resident_or_benthic,NA
https://www.thesmilingseahorse.com/blog/liveaboard-dive-trip-report-mergui-archipelago-march-6-12-2025,jenkins' whipray,Pateobatis,jenkinsii,Pateobatis jenkinsii,ray,Myanmar,Mergui,Black Rock,site,2025-03-12,3,2025-03-12,2025,3,2025-03-01,Resident_or_benthic,NA
https://www.thesmilingseahorse.com/blog/liveaboard-dive-trip-report-mergui-archipelago-march-6-12-2025,brown banded bamboo shark,Chiloscyllium,punctatum,Chiloscyllium punctatum,shark,Myanmar,Mergui,Submarine,site,2025-03-09,1,2025-03-09,2025,3,2025-03-01,Resident_or_benthic,NA
https://www.thesmilingseahorse.com/blog/macro-heaven,blotched fantail ray,Taeniurops,meyeni,Taeniurops meyeni,ray,Myanmar,Mergui,Mergui Archipelago,region,2014-12-09,4,2014-12-09,2014,12,2014-12-01,Resident_or_benthic,NA
https://www.thesmilingseahorse.com/blog/macro-heaven,nurse shark,Nebrius,ferrugineus,Nebrius ferrugineus,shark,Myanmar,Mergui,Mergui Archipelago,region,2014-12-09,5,2014-12-09,2014,12,2014-12-01,Resident_or_benthic,NA
https://www.thesmilingseahorse.com/blog/manta-festival-and-underwater-clean-up,oceanic manta,Mobula,birostris,Mobula birostris,ray,Myanmar,Mergui,South Twin,site,2019-12-12,4,2019-12-12,2019,12,2019-12-01,Mobulids,NA
https://www.thesmilingseahorse.com/blog/manta-festival-and-underwater-clean-up,jenkins' whipray,Pateobatis,jenkinsii,Pateobatis jenkinsii,ray,Myanmar,Mergui,Mergui Archipelago,region,2019-12-12,6,2019-12-12,2019,12,2019-12-01,Resident_or_benthic,NA
https://www.thesmilingseahorse.com/blog/manta-festival-and-underwater-clean-up,whale shark,Rhinocodon,typus,Rhinocodon typus,shark,Myanmar,Mergui,Mergui Archipelago,region,2019-12-12,1,2019-12-12,2019,12,2019-12-01,Large_pelagic,NA
https://www.thesmilingseahorse.com/blog/manta-festival-in-black-rock,oceanic manta,Mobula,birostris,Mobula birostris,ray,Myanmar,Mergui,Black Rock,site,2013-12-30,20,2013-12-30,2013,12,2013-12-01,Mobulids,NA
https://www.thesmilingseahorse.com/blog/manta-festival-in-black-rock2828386,oceanic manta,Mobula,birostris,Mobula birostris,ray,Myanmar,Mergui,Black Rock,site,2017-03-05,5,2017-03-05,2017,3,2017-03-01,Mobulids,NA
https://www.thesmilingseahorse.com/blog/manta-festival-in-black-rock2828386,blotched fantail ray,Taeniurops,meyeni,Taeniurops meyeni,ray,Myanmar,Mergui,Mergui Archipelago,region,2017-03-05,3,2017-03-05,2017,3,2017-03-01,Resident_or_benthic,NA
https://www.thesmilingseahorse.com/blog/manta-festival-in-black-rock2828386,nurse shark,Nebrius,ferrugineus,Nebrius ferrugineus,shark,Myanmar,Mergui,Mergui Archipelago,region,2017-03-05,5,2017-03-05,2017,3,2017-03-01,Resident_or_benthic,NA
https://www.thesmilingseahorse.com/blog/manta-festival-in-black-rock2828386,whitetip reef shark,Triaenodon,obesus,Triaenodon obesus,shark,Myanmar,Mergui,Mergui Archipelago,region,2017-03-05,7,2017-03-05,2017,3,2017-03-01,Reef_sharks,NA
https://www.thesmilingseahorse.com/blog/manta-madness-to-celebrate-the-end-of-2017,oceanic manta,Mobula,birostris,Mobula birostris,ray,Myanmar,Mergui,Black Rock,site,2018-01-04,5,2018-01-04,2018,1,2018-01-01,Mobulids,NA
https://www.thesmilingseahorse.com/blog/manta-madness-to-celebrate-the-end-of-2017,nurse shark,Nebrius,ferrugineus,Nebrius ferrugineus,shark,Myanmar,Mergui,Shark Cave,site,2018-01-04,1,2018-01-04,2018,1,2018-01-01,Resident_or_benthic,NA
https://www.thesmilingseahorse.com/blog/mantas-again,oceanic manta,Mobula,birostris,Mobula birostris,ray,Myanmar,Mergui,Black Rock,site,2018-02-19,8,2018-02-19,2018,2,2018-02-01,Mobulids,NA
https://www.thesmilingseahorse.com/blog/mantas-again,ocellated eagle ray,Aetobatus,ocellatus,Aetobatus ocellatus,ray,Myanmar,Mergui,Mergui Archipelago,region,2018-02-19,3,2018-02-19,2018,2,2018-02-01,Resident_or_benthic,arguable mobility
https://www.thesmilingseahorse.com/blog/mantas-again,nurse shark,Nebrius,ferrugineus,Nebrius ferrugineus,shark,Myanmar,Mergui,Mergui Archipelago,region,2018-02-19,9,2018-02-19,2018,2,2018-02-01,Resident_or_benthic,NA
https://www.thesmilingseahorse.com/blog/mantas-have-arrived,oceanic manta,Mobula,birostris,Mobula birostris,ray,Myanmar,Mergui,Mergui Archipelago,region,2012-12-31,4,2012-12-31,2012,12,2012-12-01,Mobulids,NA
https://www.thesmilingseahorse.com/blog/mantas-in-koh-bon-and-koh-tachai,oceanic manta,Mobula,birostris,Mobula birostris,ray,Thailand,Similan,Koh Bon,site,2019-04-05,3,2019-04-05,2019,4,2019-04-01,Mobulids,NA
https://www.thesmilingseahorse.com/blog/mantas-in-koh-bon-and-koh-tachai,oceanic manta,Mobula,birostris,Mobula birostris,ray,Thailand,Similan,Koh Tachai,site,2019-04-05,2,2019-04-05,2019,4,2019-04-01,Mobulids,NA
https://www.thesmilingseahorse.com/blog/mantas-magic,oceanic manta,Mobula,birostris,Mobula birostris,ray,Thailand,Andaman (unspecified),Andaman Sea,region,2017-04-09,9,2017-04-09,2017,4,2017-04-01,Mobulids,NA
https://www.thesmilingseahorse.com/blog/meet-the-mantas,oceanic manta,Mobula,birostris,Mobula birostris,ray,Myanmar,Mergui,Black Rock,site,2015-03-03,2,2015-03-03,2015,3,2015-03-01,Mobulids,NA
https://www.thesmilingseahorse.com/blog/merry-christmas,ocellated eagle ray,Aetobatus,ocellatus,Aetobatus ocellatus,ray,Myanmar,Mergui,Western Rocky,site,2019-12-29,1,2019-12-29,2019,12,2019-12-01,Resident_or_benthic,arguable mobility
https://www.thesmilingseahorse.com/blog/merry-christmas,blotched fantail ray,Taeniurops,meyeni,Taeniurops meyeni,ray,Myanmar,Mergui,South Twin,site,2019-12-29,3,2019-12-29,2019,12,2019-12-01,Resident_or_benthic,NA
https://www.thesmilingseahorse.com/blog/merry-xmas-thank-you-santa-for-being-so-generous,reef manta,Mobula,alfredii,Mobula alfredii,ray,Myanmar,Mergui,Mergui Archipelago,region,2018-12-26,3,2018-12-26,2018,12,2018-12-01,Mobulids,NA
https://www.thesmilingseahorse.com/blog/merry-xmas-thank-you-santa-for-being-so-generous,blotched fantail ray,Taeniurops,meyeni,Taeniurops meyeni,ray,Myanmar,Mergui,Mergui Archipelago,region,2018-12-26,1,2018-12-26,2018,12,2018-12-01,Resident_or_benthic,NA
https://www.thesmilingseahorse.com/blog/new-season-and-still-awesome-diving-in-burma,blotched fantail ray,Taeniurops,meyeni,Taeniurops meyeni,ray,Myanmar,Burma Banks,Burma Banks,region,2019-11-23,5,2019-11-23,2019,11,2019-11-01,Resident_or_benthic,NA
https://www.thesmilingseahorse.com/blog/new-season-and-still-awesome-diving-in-burma,nurse shark,Nebrius,ferrugineus,Nebrius ferrugineus,shark,Myanmar,Burma Banks,Burma Banks,region,2019-11-23,10,2019-11-23,2019,11,2019-11-01,Resident_or_benthic,NA
https://www.thesmilingseahorse.com/blog/new-season-and-still-awesome-diving-in-burma,tiger shark,Galeocerdo,cuvier,Galeocerdo cuvier,shark,Myanmar,Burma Banks,Burma Banks,region,2019-11-23,1,2019-11-23,2019,11,2019-11-01,Large_pelagic,NA
https://www.thesmilingseahorse.com/blog/new-year-on-our-liveaboard-in-burma,oceanic manta,Mobula,birostris,Mobula birostris,ray,Myanmar,Mergui,South Twin,site,2020-01-07,5,2020-01-07,2020,1,2020-01-01,Mobulids,NA
https://www.thesmilingseahorse.com/blog/new-year-on-our-liveaboard-in-burma,oceanic manta,Mobula,birostris,Mobula birostris,ray,Myanmar,Mergui,South Twin,site,2020-01-07,5,2020-01-07,2020,1,2020-01-01,Mobulids,NA
https://www.thesmilingseahorse.com/blog/new-year-on-our-liveaboard-in-burma,silvertip shark,Carcharhinus,albimarginatus,Carcharhinus albimarginatus,shark,Myanmar,Burma Banks,Burma Banks,region,2020-01-07,1,2020-01-07,2020,1,2020-01-01,Large_coastal_sharks,NA
https://www.thesmilingseahorse.com/blog/new-year-on-our-liveaboard-in-burma,nurse shark,Nebrius,ferrugineus,Nebrius ferrugineus,shark,Myanmar,Burma Banks,Burma Banks,region,2020-01-07,8,2020-01-07,2020,1,2020-01-01,Resident_or_benthic,NA
https://www.thesmilingseahorse.com/blog/north-and-south-andaman-liveaboard-january-4th-2022,whale shark,Rhinocodon,typus,Rhinocodon typus,shark,Thailand,Similan,Koh Tachai,site,2022-01-14,1,2022-01-14,2022,1,2022-01-01,Large_pelagic,NA
https://www.thesmilingseahorse.com/blog/north-and-south-andaman-liveaboard-january-4th-2022,whale shark,Rhinocodon,typus,Rhinocodon typus,shark,Thailand,Koh Lipe,8 Mile Rock,site,2022-01-14,1,2022-01-14,2022,1,2022-01-01,Large_pelagic,NA
https://www.thesmilingseahorse.com/blog/north-and-south-andaman-liveaboard-january-4th-2022,blacktip reef shark,Carcharhinus,melanopterus,Carcharhinus melanopterus,shark,Thailand,Phuket,Koh Bida Nok,site,2022-01-14,3,2022-01-14,2022,1,2022-01-01,Reef_sharks,NA
https://www.thesmilingseahorse.com/blog/north-andaman-trip-report-29th-of-march-2022,ocellated eagle ray,Aetobatus,ocellatus,Aetobatus ocellatus,ray,Thailand,Similan,Koh Bon,site,2022-04-06,1,2022-04-06,2022,4,2022-04-01,Resident_or_benthic,arguable mobility
https://www.thesmilingseahorse.com/blog/north-to-south-andaman-sea-liveaboard-trip-report-february-9-16-2025,mobula ray,Mobula,spp,Mobula spp,ray,Thailand,Koh Lipe,8 Mile Rock,site,2025-03-16,1,2025-03-16,2025,3,2025-03-01,Mobulids,group-level
https://www.thesmilingseahorse.com/blog/north-to-south-andaman-sea-liveaboard-trip-report-february-9-16-2025,bluespotted maskray,Neotrygon,kuhlii,Neotrygon kuhlii,ray,Thailand,Surin,Koh Chi,site,2025-03-16,3,2025-03-16,2025,3,2025-03-01,Resident_or_benthic,NA
https://www.thesmilingseahorse.com/blog/north-to-south-andaman-sea-liveaboard-trip-report-february-9-16-2025,bluespotted maskray,Neotrygon,kuhlii,Neotrygon kuhlii,ray,Thailand,Surin,Koh Chi,site,02/10/2025,3,2025-02-10,2025,2,2025-02-01,Resident_or_benthic,NA
https://www.thesmilingseahorse.com/blog/north-to-south-andaman-sea-liveaboard-trip-report-february-9-16-2025,blacktip reef shark,Carcharhinus,melanopterus,Carcharhinus melanopterus,shark,Thailand,Phuket,Koh Bida Nok,site,02/15/2025,7,2025-02-15,2025,2,2025-02-01,Reef_sharks,NA
https://www.thesmilingseahorse.com/blog/north-to-south-andaman-sea-liveaboard-trip-report-february-9-16-2025,zebra shark,Stegostoma,tigrinum,Stegostoma tigrinum,shark,Thailand,Phuket,Shark Point,site,02/15/2025,1,2025-02-15,2025,2,2025-02-01,Resident_or_benthic,NA
https://www.thesmilingseahorse.com/blog/november-13th-2016,ocellated eagle ray,Aetobatus,ocellatus,Aetobatus ocellatus,ray,Myanmar,Burma Banks,Burma Banks,region,2016-11-13,4,2016-11-13,2016,11,2016-11-01,Resident_or_benthic,arguable mobility
https://www.thesmilingseahorse.com/blog/our-28-30-november-thailand-cruise,oceanic manta,Mobula,birostris,Mobula birostris,ray,Thailand,Similan,Koh Tachai,site,2025-11-30,1,2025-11-30,2025,11,2025-11-01,Mobulids,NA
https://www.thesmilingseahorse.com/blog/our-first-exploration-trip-in-the-north-of-the-archipelago,ocellated eagle ray,Aetobatus,ocellatus,Aetobatus ocellatus,ray,Myanmar,Mergui,Tower Rock,site,2016-03-16,1,2016-03-16,2016,3,2016-03-01,Resident_or_benthic,arguable mobility
https://www.thesmilingseahorse.com/blog/our-first-exploration-trip-in-the-north-of-the-archipelago,blotched fantail ray,Taeniurops,meyeni,Taeniurops meyeni,ray,Myanmar,Mergui,Tower Rock,site,2016-03-16,1,2016-03-16,2016,3,2016-03-01,Resident_or_benthic,NA
https://www.thesmilingseahorse.com/blog/our-first-exploration-trip-in-the-north-of-the-archipelago,blacktip reef shark,Carcharhinus,melanopterus,Carcharhinus melanopterus,shark,Myanmar,Mergui,Tower Rock,site,2016-03-16,3,2016-03-16,2016,3,2016-03-01,Reef_sharks,NA
https://www.thesmilingseahorse.com/blog/our-first-exploration-trip-in-the-north-of-the-archipelago,whitetip reef shark,Triaenodon,obesus,Triaenodon obesus,shark,Myanmar,Mergui,Tower Rock,site,2016-03-16,3,2016-03-16,2016,3,2016-03-01,Reef_sharks,NA
https://www.thesmilingseahorse.com/blog/our-great-christmas-trip,blotched fantail ray,Taeniurops,meyeni,Taeniurops meyeni,ray,Myanmar,Burma Banks,Burma Banks,region,2017-12-27,3,2017-12-27,2017,12,2017-12-01,Resident_or_benthic,NA
https://www.thesmilingseahorse.com/blog/our-new-padi-graduate,oceanic manta,Mobula,birostris,Mobula birostris,ray,Thailand,Surin,Richelieu Rock,site,2012-04-20,1,2012-04-20,2012,4,2012-04-01,Mobulids,NA
https://www.thesmilingseahorse.com/blog/our-scooting-trip-to-koh-lipe,blotched fantail ray,Taeniurops,meyeni,Taeniurops meyeni,ray,Thailand,Koh Lipe,8 Mile Rock,site,2021-07-09,3,2021-07-09,2021,7,2021-07-01,Resident_or_benthic,NA
https://www.thesmilingseahorse.com/blog/our-scooting-trip-to-koh-lipe,blotched fantail ray,Taeniurops,meyeni,Taeniurops meyeni,ray,Thailand,Koh Lipe,8 Mile Rock,site,2021-07-09,3,2021-07-09,2021,7,2021-07-01,Resident_or_benthic,NA
https://www.thesmilingseahorse.com/blog/over-30-guitarfishes-whale-shark-and-giant-frogfish-in-9-days-around-burma-wow,blotched fantail ray,Taeniurops,meyeni,Taeniurops meyeni,ray,Myanmar,Mergui,Black Rock,site,02/15/2020,3,2020-02-15,2020,2,2020-02-01,Resident_or_benthic,NA
https://www.thesmilingseahorse.com/blog/over-30-guitarfishes-whale-shark-and-giant-frogfish-in-9-days-around-burma-wow,nurse shark,Nebrius,ferrugineus,Nebrius ferrugineus,shark,Myanmar,Burma Banks,Burma Banks,region,02/15/2020,10,2020-02-15,2020,2,2020-02-01,Resident_or_benthic,NA
https://www.thesmilingseahorse.com/blog/over-30-guitarfishes-whale-shark-and-giant-frogfish-in-9-days-around-burma-wow,whale shark,Rhinocodon,typus,Rhinocodon typus,shark,Myanmar,Mergui,Dendro's Pinnacle,site,02/15/2020,1,2020-02-15,2020,2,2020-02-01,Large_pelagic,NA
https://www.thesmilingseahorse.com/blog/over-30-guitarfishes-whale-shark-and-giant-frogfish-in-9-days-around-burma-wow,silvertip shark,Carcharhinus,albimarginatus,Carcharhinus albimarginatus,shark,Myanmar,Burma Banks,Burma Banks,region,02/15/2020,3,2020-02-15,2020,2,2020-02-01,Large_coastal_sharks,NA
https://www.thesmilingseahorse.com/blog/over-30-guitarfishes-whale-shark-and-giant-frogfish-in-9-days-around-burma-wow,grey-spotted guitarfish,acroteriovatus,spp,Acroteriobatus spp,ray,Myanmar,Mergui,Black Rock,site,02/15/2020,30,2020-02-15,2020,2,2020-02-01,Wedgefish_guitarfish,group-level
https://www.thesmilingseahorse.com/blog/over-the-top,ocellated eagle ray,Aetobatus,ocellatus,Aetobatus ocellatus,ray,Myanmar,Mergui,Mergui Archipelago,region,11/29/2017,1,2017-11-29,2017,11,2017-11-01,Resident_or_benthic,arguable mobility
https://www.thesmilingseahorse.com/blog/over-the-top,nurse shark,Nebrius,ferrugineus,Nebrius ferrugineus,shark,Myanmar,Mergui,Mergui Archipelago,region,11/29/2017,2,2017-11-29,2017,11,2017-11-01,Resident_or_benthic,NA
https://www.thesmilingseahorse.com/blog/over-the-top,whitetip reef shark,Triaenodon,obesus,Triaenodon obesus,shark,Myanmar,Mergui,Mergui Archipelago,region,11/29/2017,3,2017-11-29,2017,11,2017-11-01,Reef_sharks,NA
https://www.thesmilingseahorse.com/blog/pre-songkran-similan-surin-expedition,blacktip reef shark,Carcharhinus,melanopterus,Carcharhinus melanopterus,shark,Thailand,Surin,Surin Islands,region,04/13/2021,3,2021-04-13,2021,4,2021-04-01,Reef_sharks,NA
https://www.thesmilingseahorse.com/blog/pre-songkran-similan-surin-expedition,bluespotted maskray,Neotrygon,kuhlii,Neotrygon kuhlii,ray,Thailand,Surin,Surin Islands,region,04/15/2021,2,2021-04-15,2021,4,2021-04-01,Resident_or_benthic,NA
https://www.thesmilingseahorse.com/blog/pre-songkran-similan-surin-expedition,ocellated eagle ray,Aetobatus,ocellatus,Aetobatus ocellatus,ray,Thailand,Surin,Surin Islands,region,04/10/2021,NA,2021-04-10,2021,4,2021-04-01,Resident_or_benthic,arguable mobility
https://www.thesmilingseahorse.com/blog/pre-songkran-similan-surin-expedition,blacktip reef shark,Carcharhinus,melanopterus,Carcharhinus melanopterus,shark,Thailand,Surin,Surin Islands,region,04/10/2021,1,2021-04-10,2021,4,2021-04-01,Reef_sharks,NA
https://www.thesmilingseahorse.com/blog/pre-songkran-similan-surin-expedition,ocellated eagle ray,Aetobatus,ocellatus,Aetobatus ocellatus,ray,Thailand,Surin,Surin Islands,region,04/09/2021,1,2021-04-09,2021,4,2021-04-01,Resident_or_benthic,arguable mobility
https://www.thesmilingseahorse.com/blog/relaxing-trip-in-myanmar,oceanic manta,Mobula,birostris,Mobula birostris,ray,Myanmar,Mergui,North Twin,site,02/06/2012,1,2012-02-06,2012,2,2012-02-01,Mobulids,NA
https://www.thesmilingseahorse.com/blog/relaxing-trip-in-myanmar,ocellated eagle ray,Aetobatus,ocellatus,Aetobatus ocellatus,ray,Myanmar,Mergui,North Twin,site,02/06/2012,1,2012-02-06,2012,2,2012-02-01,Resident_or_benthic,arguable mobility
https://www.thesmilingseahorse.com/blog/relaxing-trip-in-myanmar,nurse shark,Nebrius,ferrugineus,Nebrius ferrugineus,shark,Myanmar,Mergui,North Twin,site,02/06/2012,2,2012-02-06,2012,2,2012-02-01,Resident_or_benthic,NA
https://www.thesmilingseahorse.com/blog/relaxing-trip-in-myanmar,zebra shark,Stegostoma,tigrinum,Stegostoma tigrinum,shark,Myanmar,Mergui,North Twin,site,02/06/2012,1,2012-02-06,2012,2,2012-02-01,Resident_or_benthic,NA
https://www.thesmilingseahorse.com/blog/reviews-of-the-last-trip,oceanic manta,Mobula,birostris,Mobula birostris,ray,Thailand,Andaman (unspecified),Andaman Sea,region,04/20/2018,3,2018-04-20,2018,4,2018-04-01,Mobulids,NA
https://www.thesmilingseahorse.com/blog/reviews-of-the-last-trip,whale shark,Rhinocodon,typus,Rhinocodon typus,shark,Thailand,Surin,Richelieu Rock,site,04/20/2018,1,2018-04-20,2018,4,2018-04-01,Large_pelagic,NA
https://www.thesmilingseahorse.com/blog/reviews-of-the-last-trip,guitarfish,Rhinobatidae,spp,Rhinobatidae spp,ray,Thailand,Andaman (unspecified),Andaman Sea,region,04/20/2018,1,2018-04-20,2018,4,2018-04-01,Wedgefish_guitarfish,family/group-level
https://www.thesmilingseahorse.com/blog/sairee-cottage-pirates-sailing-on-the-mergui-seas,oceanic manta,Mobula,birostris,Mobula birostris,ray,Myanmar,Mergui,Black Rock,site,04/14/2018,3,2018-04-14,2018,4,2018-04-01,Mobulids,NA
https://www.thesmilingseahorse.com/blog/sairee-cottage-pirates-sailing-on-the-mergui-seas,blotched fantail ray,Taeniurops,meyeni,Taeniurops meyeni,ray,Myanmar,Mergui,Mergui Archipelago,region,04/14/2018,5,2018-04-14,2018,4,2018-04-01,Resident_or_benthic,NA
https://www.thesmilingseahorse.com/blog/sairee-cottage-pirates-sailing-on-the-mergui-seas,whitetip reef shark,Triaenodon,obesus,Triaenodon obesus,shark,Myanmar,Mergui,Mergui Archipelago,region,04/14/2018,6,2018-04-14,2018,4,2018-04-01,Reef_sharks,NA
https://www.thesmilingseahorse.com/blog/season-start,nurse shark,Nebrius,ferrugineus,Nebrius ferrugineus,shark,Myanmar,Mergui,Mergui Archipelago,region,11/04/2014,1,2014-11-04,2014,11,2014-11-01,Resident_or_benthic,NA
https://www.thesmilingseahorse.com/blog/second-part-of-the-adventure,mobula ray,Mobula,spp,Mobula spp,ray,Myanmar,Mergui,Mergui Archipelago,region,05/07/2016,3,2016-05-07,2016,5,2016-05-01,Mobulids,group-level
https://www.thesmilingseahorse.com/blog/second-part-of-the-adventure,blotched fantail ray,Taeniurops,meyeni,Taeniurops meyeni,ray,Myanmar,Mergui,Mergui Archipelago,region,05/07/2016,5,2016-05-07,2016,5,2016-05-01,Resident_or_benthic,NA
https://www.thesmilingseahorse.com/blog/shark-fiesta,blotched fantail ray,Taeniurops,meyeni,Taeniurops meyeni,ray,Myanmar,Burma Banks,Burma Banks,region,03/24/2019,10,2019-03-24,2019,3,2019-03-01,Resident_or_benthic,NA
https://www.thesmilingseahorse.com/blog/shark-fiesta,porcupine ray,Urogymnus,asperrimus,Urogymnus asperrimus,ray,Myanmar,Burma Banks,Burma Banks,region,03/24/2019,1,2019-03-24,2019,3,2019-03-01,Resident_or_benthic,NA
https://www.thesmilingseahorse.com/blog/shark-fiesta,nurse shark,Nebrius,ferrugineus,Nebrius ferrugineus,shark,Myanmar,Burma Banks,Burma Banks,region,03/24/2019,12,2019-03-24,2019,3,2019-03-01,Resident_or_benthic,NA
https://www.thesmilingseahorse.com/blog/shark-fiesta,tiger shark,Galeocerdo,cuvier,Galeocerdo cuvier,shark,Myanmar,Burma Banks,Burma Banks,region,03/24/2019,1,2019-03-24,2019,3,2019-03-01,Large_pelagic,NA
https://www.thesmilingseahorse.com/blog/shark-madness-for-our-last-thailand-trip,ocellated eagle ray,Aetobatus,ocellatus,Aetobatus ocellatus,ray,Thailand,Similan,Koh Bon,site,04/19/2018,1,2018-04-19,2018,4,2018-04-01,Resident_or_benthic,arguable mobility
https://www.thesmilingseahorse.com/blog/shark-madness-for-our-last-thailand-trip,bluespotted maskray,Neotrygon,kuhlii,Neotrygon kuhlii,ray,Thailand,Surin,Surin Islands,region,04/19/2018,10,2018-04-19,2018,4,2018-04-01,Resident_or_benthic,NA
https://www.thesmilingseahorse.com/blog/shark-madness-for-our-last-thailand-trip,jenkins' whipray,Pateobatis,jenkinsii,Pateobatis jenkinsii,ray,Thailand,Similan,Koh Bon,site,04/19/2018,1,2018-04-19,2018,4,2018-04-01,Resident_or_benthic,NA
https://www.thesmilingseahorse.com/blog/shark-madness-for-our-last-thailand-trip,guitarfish,Rhinobatidae,spp,Rhinobatidae spp,ray,Thailand,Similan,Koh Bon,site,04/19/2018,1,2018-04-19,2018,4,2018-04-01,Wedgefish_guitarfish,family/group-level
https://www.thesmilingseahorse.com/blog/shark-madness-for-our-last-thailand-trip,zebra shark,Stegostoma,tigrinum,Stegostoma tigrinum,shark,Thailand,Similan,Koh Bon,site,04/19/2018,1,2018-04-19,2018,4,2018-04-01,Resident_or_benthic,NA
https://www.thesmilingseahorse.com/blog/shark-madness-for-our-last-thailand-trip,whale shark,Rhinocodon,typus,Rhinocodon typus,shark,Thailand,Surin,Richelieu Rock,site,04/19/2018,1,2018-04-19,2018,4,2018-04-01,Large_pelagic,NA
https://www.thesmilingseahorse.com/blog/shark-meeting,whale shark,Rhinocodon,typus,Rhinocodon typus,shark,Myanmar,Mergui,Mergui Archipelago,region,04/15/2019,2,2019-04-15,2019,4,2019-04-01,Large_pelagic,NA
https://www.thesmilingseahorse.com/blog/shark-meeting,nurse shark,Nebrius,ferrugineus,Nebrius ferrugineus,shark,Myanmar,Mergui,Mergui Archipelago,region,04/15/2019,5,2019-04-15,2019,4,2019-04-01,Resident_or_benthic,NA
https://www.thesmilingseahorse.com/blog/should-watch-manta-festival-in-myanmar,oceanic manta,Mobula,birostris,Mobula birostris,ray,Myanmar,Mergui,Black Rock,site,10/23/2015,20,2015-10-23,2015,10,2015-10-01,Mobulids,NA
https://www.thesmilingseahorse.com/blog/south-and-north-andaman-liveaboard-13th-of-january,ocellated eagle ray,Aetobatus,ocellatus,Aetobatus ocellatus,ray,Thailand,Similan,Koh Bon,site,01/15/2022,1,2022-01-15,2022,1,2022-01-01,Resident_or_benthic,arguable mobility
https://www.thesmilingseahorse.com/blog/south-and-north-andaman-liveaboard-13th-of-january,guitarfish,Rhinobatidae,spp,Rhinobatidae spp,ray,Thailand,Similan,Koh Bon,site,01/15/2022,1,2022-01-15,2022,1,2022-01-01,Wedgefish_guitarfish,family/group-level
https://www.thesmilingseahorse.com/blog/south-and-north-andaman-liveaboard-13th-of-january,whitetip reef shark,Triaenodon,obesus,Triaenodon obesus,shark,Thailand,Similan,Koh Bon,site,01/15/2022,3,2022-01-15,2022,1,2022-01-01,Reef_sharks,NA
https://www.thesmilingseahorse.com/blog/surin-island-national-park-best-in-thailand,bluespotted maskray,Neotrygon,kuhlii,Neotrygon kuhlii,ray,Thailand,Surin,Surin Islands,region,11/25/2012,1,2012-11-25,2012,11,2012-11-01,Resident_or_benthic,NA
https://www.thesmilingseahorse.com/blog/surin-koh-bon-tachai-and-richelieu-on-the-12th-of-feb-2021,oceanic manta,Mobula,birostris,Mobula birostris,ray,Thailand,Similan,Koh Bon,site,02/25/2021,1,2021-02-25,2021,2,2021-02-01,Mobulids,NA
https://www.thesmilingseahorse.com/blog/surin-koh-bon-tachai-and-richelieu-on-the-12th-of-feb-2021,guitarfish,Rhinobatidae,spp,Rhinobatidae spp,ray,Thailand,Similan,Kitten City,site,02/25/2021,1,2021-02-25,2021,2,2021-02-01,Wedgefish_guitarfish,family/group-level
https://www.thesmilingseahorse.com/blog/surin-koh-bon-tachai-and-richelieu-on-the-12th-of-feb-2021,bluespotted maskray,Neotrygon,kuhlii,Neotrygon kuhlii,ray,Thailand,Similan,Kitten City,site,02/25/2021,3,2021-02-25,2021,2,2021-02-01,Resident_or_benthic,NA
https://www.thesmilingseahorse.com/blog/surin-koh-bon-tachai-and-richelieu-on-the-12th-of-feb-2021,jenkins' whipray,Pateobatis,jenkinsii,Pateobatis jenkinsii,ray,Thailand,Similan,Kitten City,site,02/25/2021,3,2021-02-25,2021,2,2021-02-01,Resident_or_benthic,NA
https://www.thesmilingseahorse.com/blog/surin-koh-bon-tachai-and-richelieu-on-the-12th-of-feb-2021,bull shark,Carcharhinus,leucas,Carcharhinus leucas,shark,Thailand,Similan,Koh Bon,site,02/15/2021,1,2021-02-15,2021,2,2021-02-01,Large_coastal_sharks,NA
https://www.thesmilingseahorse.com/blog/surin-koh-bon-tachai-and-richelieu-on-the-12th-of-feb-2021,blacktip reef shark,Carcharhinus,melanopterus,Carcharhinus melanopterus,shark,Thailand,Similan,Koh Bon,site,02/15/2021,1,2021-02-15,2021,2,2021-02-01,Reef_sharks,NA
https://www.thesmilingseahorse.com/blog/thailand-at-its-best,jenkins' whipray,Pateobatis,jenkinsii,Pateobatis jenkinsii,ray,Thailand,Surin,Surin Islands,region,03/08/2019,3,2019-03-08,2019,3,2019-03-01,Resident_or_benthic,NA
https://www.thesmilingseahorse.com/blog/thailand-at-its-best,whale shark,Rhinocodon,typus,Rhinocodon typus,shark,Thailand,Surin,Richelieu Rock,site,03/08/2019,2,2019-03-08,2019,3,2019-03-01,Large_pelagic,NA
https://www.thesmilingseahorse.com/blog/thailand-here-we-go-again,bluespotted maskray,Neotrygon,kuhlii,Neotrygon kuhlii,ray,Thailand,Similan,Koh Tachai,site,12/04/2016,5,2016-12-04,2016,12,2016-12-01,Resident_or_benthic,NA
https://www.thesmilingseahorse.com/blog/thailand-here-we-go-again,blotched fantail ray,Taeniurops,meyeni,Taeniurops meyeni,ray,Thailand,Similan,Koh Tachai,site,12/04/2016,3,2016-12-04,2016,12,2016-12-01,Resident_or_benthic,NA
https://www.thesmilingseahorse.com/blog/thailand-liveaboard-adventure-diving-richelieu-rock-exploring-the-north-andaman-sea-from-6th-to-10th-of-november-2024,blacktip reef shark,Carcharhinus,melanopterus,Carcharhinus melanopterus,shark,Thailand,Similan,Koh Tachai,site,11/08/2024,1,2024-11-08,2024,11,2024-11-01,Reef_sharks,NA
https://www.thesmilingseahorse.com/blog/the-9th-to-13th-march-thailand-cruise-a-special-uw-photographers,ocellated eagle ray,Aetobatus,ocellatus,Aetobatus ocellatus,ray,Thailand,Surin,Richelieu Rock,site,03/10/2021,1,2021-03-10,2021,3,2021-03-01,Resident_or_benthic,arguable mobility
https://www.thesmilingseahorse.com/blog/the-9th-to-13th-march-thailand-cruise-a-special-uw-photographers,ocellated eagle ray,Aetobatus,ocellatus,Aetobatus ocellatus,ray,Thailand,Similan,Koh Bon,site,03/11/2021,1,2021-03-11,2021,3,2021-03-01,Resident_or_benthic,arguable mobility
https://www.thesmilingseahorse.com/blog/the-9th-to-13th-march-thailand-cruise-a-special-uw-photographers,zebra shark,Stegostoma,tigrinum,Stegostoma tigrinum,shark,Thailand,Similan,Koh Bon,site,03/11/2021,1,2021-03-11,2021,3,2021-03-01,Resident_or_benthic,NA
https://www.thesmilingseahorse.com/blog/the-9th-to-13th-march-thailand-cruise-a-special-uw-photographers,brown banded bamboo shark,Chiloscyllium,punctatum,Chiloscyllium punctatum,shark,Thailand,Surin,Richelieu Rock,site,03/10/2021,NA,2021-03-10,2021,3,2021-03-01,Resident_or_benthic,NA
https://www.thesmilingseahorse.com/blog/the-beauty-lies-in-the-tiny,ocellated eagle ray,Aetobatus,ocellatus,Aetobatus ocellatus,ray,Myanmar,Mergui,Mergui Archipelago,region,01/2/2015,1,2015-01-02,2015,1,2015-01-01,Resident_or_benthic,arguable mobility
https://www.thesmilingseahorse.com/blog/the-beauty-lies-in-the-tiny,nurse shark,Nebrius,ferrugineus,Nebrius ferrugineus,shark,Myanmar,Mergui,Mergui Archipelago,region,01/2/2015,1,2015-01-02,2015,1,2015-01-01,Resident_or_benthic,NA
https://www.thesmilingseahorse.com/blog/the-beauty-lies-in-the-tiny,whale shark,Rhinocodon,typus,Rhinocodon typus,shark,Myanmar,Mergui,Mergui Archipelago,region,01/2/2015,1,2015-01-02,2015,1,2015-01-01,Large_pelagic,NA
https://www.thesmilingseahorse.com/blog/the-bigoudaines-trip,zebra shark,Stegostoma,tigrinum,Stegostoma tigrinum,shark,Thailand,Similan,Koh Bon,site,05/07/2016,1,2016-05-07,2016,5,2016-05-01,Resident_or_benthic,NA
https://www.thesmilingseahorse.com/blog/the-bigoudaines-trip,guitarfish,Rhinobatidae,spp,Rhinobatidae spp,ray,Thailand,Similan,Koh Bon,site,05/07/2016,1,2016-05-07,2016,5,2016-05-01,Wedgefish_guitarfish,family/group-level
https://www.thesmilingseahorse.com/blog/the-last-but-not-the-worst-trip-of-the-season,ocellated eagle ray,Aetobatus,ocellatus,Aetobatus ocellatus,ray,Myanmar,Mergui,North Twin,site,03/31/2020,3,2020-03-31,2020,3,2020-03-01,Resident_or_benthic,arguable mobility
https://www.thesmilingseahorse.com/blog/the-last-but-not-the-worst-trip-of-the-season,jenkins' whipray,Pateobatis,jenkinsii,Pateobatis jenkinsii,ray,Thailand,Similan,Eagle Rock,site,03/31/2020,3,2020-03-31,2020,3,2020-03-01,Resident_or_benthic,NA
https://www.thesmilingseahorse.com/blog/the-last-but-not-the-worst-trip-of-the-season,blotched fantail ray,Taeniurops,meyeni,Taeniurops meyeni,ray,Myanmar,Mergui,Shark Cave,site,03/31/2020,3,2020-03-31,2020,3,2020-03-01,Resident_or_benthic,NA
https://www.thesmilingseahorse.com/blog/the-last-but-not-the-worst-trip-of-the-season,silvertip shark,Carcharhinus,albimarginatus,Carcharhinus albimarginatus,shark,Myanmar,Burma Banks,Burma Banks,region,03/31/2020,5,2020-03-31,2020,3,2020-03-01,Large_coastal_sharks,NA
https://www.thesmilingseahorse.com/blog/the-last-but-not-the-worst-trip-of-the-season,nurse shark,Nebrius,ferrugineus,Nebrius ferrugineus,shark,Myanmar,Burma Banks,Burma Banks,region,03/31/2020,20,2020-03-31,2020,3,2020-03-01,Resident_or_benthic,NA
https://www.thesmilingseahorse.com/blog/the-smiling-seahorse-becomes-famous,blotched fantail ray,Taeniurops,meyeni,Taeniurops meyeni,ray,Myanmar,Mergui,Mergui Archipelago,region,01/20/2020,15,2020-01-20,2020,1,2020-01-01,Resident_or_benthic,NA
https://www.thesmilingseahorse.com/blog/the-smiling-seahorse-becomes-famous,jenkins' whipray,Pateobatis,jenkinsii,Pateobatis jenkinsii,ray,Myanmar,Mergui,Mergui Archipelago,region,01/20/2020,10,2020-01-20,2020,1,2020-01-01,Resident_or_benthic,NA
https://www.thesmilingseahorse.com/blog/the-south-of-the-archipelago-and-its-surprises,ocellated eagle ray,Aetobatus,ocellatus,Aetobatus ocellatus,ray,Myanmar,Mergui,Mergui Archipelago,region,03/24/2016,1,2016-03-24,2016,3,2016-03-01,Resident_or_benthic,arguable mobility
https://www.thesmilingseahorse.com/blog/trip-report-10th-december-2024-4-days-trough-the-north-andaman-wonders,ocellated eagle ray,Aetobatus,ocellatus,Aetobatus ocellatus,ray,Thailand,Surin,Ao Pakkard,site,12/11/2024,1,2024-12-11,2024,12,2024-12-01,Resident_or_benthic,arguable mobility
https://www.thesmilingseahorse.com/blog/trip-report-10th-december-2024-4-days-trough-the-north-andaman-wonders,whitetip reef shark,Triaenodon,obesus,Triaenodon obesus,shark,Thailand,Similan,Koh Bon,site,12/11/2024,3,2024-12-11,2024,12,2024-12-01,Reef_sharks,NA
https://www.thesmilingseahorse.com/blog/trip-report-10th-december-2024-4-days-trough-the-north-andaman-wonders,blacktip reef shark,Carcharhinus,melanopterus,Carcharhinus melanopterus,shark,Thailand,Surin,Ao Pakkard,site,12/11/2024,1,2024-12-11,2024,12,2024-12-01,Reef_sharks,NA
https://www.thesmilingseahorse.com/blog/trip-report-13th-to-18th-april-2024-dive-into-adventure-exploring-the-andaman-sea,white-spotted wedgefish,Rhynchobatus,australiae,Rhynchobatus australiae,ray,Thailand,Similan,Similan Islands,region,2024-04-13,1,2024-04-13,2024,4,2024-04-01,Wedgefish_guitarfish,NA
https://www.thesmilingseahorse.com/blog/trip-report-13th-to-18th-april-2024-dive-into-adventure-exploring-the-andaman-sea,blotched fantail ray,Taeniurops,meyeni,Taeniurops meyeni,ray,Thailand,Similan,Similan Islands,region,2024-04-13,3,2024-04-13,2024,4,2024-04-01,Resident_or_benthic,NA
https://www.thesmilingseahorse.com/blog/trip-report-15th-december-2024-6-days-in-surin-and-similan-national-parks,bluespotted maskray,Neotrygon,kuhlii,Neotrygon kuhlii,ray,Thailand,Similan,Three Trees,site,01/09/2025,2,2025-01-09,2025,1,2025-01-01,Resident_or_benthic,NA
https://www.thesmilingseahorse.com/blog/trip-report-15th-december-2024-6-days-in-surin-and-similan-national-parks,whitetip reef shark,Triaenodon,obesus,Triaenodon obesus,shark,Thailand,Similan,Christmas Point,site,1217/2024,1,2024-12-17,2024,12,2024-12-01,Reef_sharks,NA
https://www.thesmilingseahorse.com/blog/trip-report-15th-to-21st-january-2025,ocellated eagle ray,Aetobatus,ocellatus,Aetobatus ocellatus,ray,Thailand,Surin,Richelieu Rock,site,01/15/2025,2,2025-01-15,2025,1,2025-01-01,Resident_or_benthic,arguable mobility
https://www.thesmilingseahorse.com/blog/trip-report-15th-to-21st-january-2025,bluespotted maskray,Neotrygon,kuhlii,Neotrygon kuhlii,ray,Thailand,Surin,Richelieu Rock,site,01/15/2025,5,2025-01-15,2025,1,2025-01-01,Resident_or_benthic,NA
https://www.thesmilingseahorse.com/blog/trip-report-15th-to-21st-january-2025,jenkins' whipray,Pateobatis,jenkinsii,Pateobatis jenkinsii,ray,Thailand,Surin,Richelieu Rock,site,01/15/2025,2,2025-01-15,2025,1,2025-01-01,Resident_or_benthic,NA
https://www.thesmilingseahorse.com/blog/trip-report-15th-to-21st-january-2025,zebra shark,Stegostoma,tigrinum,Stegostoma tigrinum,shark,Thailand,Similan,Elephant Head Rock,site,01/15/2025,1,2025-01-15,2025,1,2025-01-01,Resident_or_benthic,NA
https://www.thesmilingseahorse.com/blog/trip-report-15th-to-21st-january-2025,blacktip reef shark,Carcharhinus,melanopterus,Carcharhinus melanopterus,shark,Thailand,Surin,Richelieu Rock,site,2025-01-15,2,2025-01-15,2025,1,2025-01-01,Reef_sharks,NA
https://www.thesmilingseahorse.com/blog/trip-report-15th-to-21st-january-2025,blacktip reef shark,Carcharhinus,melanopterus,Carcharhinus melanopterus,shark,Thailand,Surin,Surin Islands,region,2025-01-15,1,2025-01-15,2025,1,2025-01-01,Reef_sharks,NA
https://www.thesmilingseahorse.com/blog/trip-report-22nd-to-28th-december-2024-christmas-in-burmese-waters,reef manta,Mobula,alfredii,Mobula alfredii,ray,Myanmar,Mergui,Seafan Forest,site,2024-12-22,1,2024-12-22,2024,12,2024-12-01,Mobulids,NA
https://www.thesmilingseahorse.com/blog/trip-report-22nd-to-28th-december-2024-christmas-in-burmese-waters,oceanic manta,Mobula,birostris,Mobula birostris,ray,Myanmar,Mergui,Eagle's Nest,site,2024-12-22,1,2024-12-22,2024,12,2024-12-01,Mobulids,NA
https://www.thesmilingseahorse.com/blog/trip-report-22nd-to-28th-december-2024-christmas-in-burmese-waters,oceanic manta,Mobula,birostris,Mobula birostris,ray,Myanmar,Mergui,Dendro's Pinnacle,site,2024-12-22,1,2024-12-22,2024,12,2024-12-01,Mobulids,NA
https://www.thesmilingseahorse.com/blog/trip-report-22nd-to-28th-december-2024-christmas-in-burmese-waters,bluespotted maskray,Neotrygon,kuhlii,Neotrygon kuhlii,ray,Myanmar,Mergui,High Rock,site,2024-12-22,3,2024-12-22,2024,12,2024-12-01,Resident_or_benthic,NA
https://www.thesmilingseahorse.com/blog/trip-report-22nd-to-28th-december-2024-christmas-in-burmese-waters,bluespotted maskray,Neotrygon,kuhlii,Neotrygon kuhlii,ray,Myanmar,Mergui,Square Rock,site,2024-12-22,1,2024-12-22,2024,12,2024-12-01,Resident_or_benthic,NA
https://www.thesmilingseahorse.com/blog/trip-report-22nd-to-28th-december-2024-christmas-in-burmese-waters,bluespotted maskray,Neotrygon,kuhlii,Neotrygon kuhlii,ray,Myanmar,Mergui,Shark Cave,site,2024-12-22,3,2024-12-22,2024,12,2024-12-01,Resident_or_benthic,NA
https://www.thesmilingseahorse.com/blog/trip-report-22nd-to-28th-december-2024-christmas-in-burmese-waters,blotched fantail ray,Taeniurops,meyeni,Taeniurops meyeni,ray,Myanmar,Mergui,Shark Cave,site,2024-12-22,NA,2024-12-22,2024,12,2024-12-01,Resident_or_benthic,NA
https://www.thesmilingseahorse.com/blog/trip-report-29th-october-2024-photo-and-video-clinic-at-burma-banks-with-mike-bartick,ocellated eagle ray,Aetobatus,ocellatus,Aetobatus ocellatus,ray,Myanmar,Mergui,Seafan Forest,site,10/24/2024,1,2024-10-24,2024,10,2024-10-01,Resident_or_benthic,arguable mobility
https://www.thesmilingseahorse.com/blog/trip-report-29th-october-2024-photo-and-video-clinic-at-burma-banks-with-mike-bartick,blotched fantail ray,Taeniurops,meyeni,Taeniurops meyeni,ray,Myanmar,Burma Banks,Burma Banks,region,10/24/2024,1,2024-10-24,2024,10,2024-10-01,Resident_or_benthic,NA
https://www.thesmilingseahorse.com/blog/trip-report-29th-october-2024-photo-and-video-clinic-at-burma-banks-with-mike-bartick,mangrove whipray,Urogymnus,granulatus,Urogymnus granulatus,ray,Myanmar,Burma Banks,Rainbow Bank,site,10/24/2024,1,2024-10-24,2024,10,2024-10-01,Resident_or_benthic,NA
https://www.thesmilingseahorse.com/blog/trip-report-29th-october-2024-photo-and-video-clinic-at-burma-banks-with-mike-bartick,ray,Batidae,spp,Batidae spp,ray,Thailand,Similan,Eagle Rock,site,10/28/2024,5,2024-10-28,2024,10,2024-10-01,Resident_or_benthic,group-level
https://www.thesmilingseahorse.com/blog/trip-report-29th-october-2024-photo-and-video-clinic-at-burma-banks-with-mike-bartick,nurse shark,Nebrius,ferrugineus,Nebrius ferrugineus,shark,Myanmar,Mergui,Mergui Archipelago,region,10/28/2024,1,2024-10-28,2024,10,2024-10-01,Resident_or_benthic,NA
https://www.thesmilingseahorse.com/blog/trip-report-29th-october-2024-photo-and-video-clinic-at-burma-banks-with-mike-bartick,nurse shark,Nebrius,ferrugineus,Nebrius ferrugineus,shark,Myanmar,Burma Banks,Burma Banks,region,10/30/2024,25,2024-10-30,2024,10,2024-10-01,Resident_or_benthic,NA
https://www.thesmilingseahorse.com/blog/trip-report-29th-october-2024-photo-and-video-clinic-at-burma-banks-with-mike-bartick,nurse shark,Nebrius,ferrugineus,Nebrius ferrugineus,shark,Myanmar,Burma Banks,Burma Banks,region,10/30/2024,12,2024-10-30,2024,10,2024-10-01,Resident_or_benthic,NA
https://www.thesmilingseahorse.com/blog/trip-report-29th-october-2024-photo-and-video-clinic-at-burma-banks-with-mike-bartick,nurse shark,Nebrius,ferrugineus,Nebrius ferrugineus,shark,Myanmar,Burma Banks,Rainbow Bank,site,10/30/2024,3,2024-10-30,2024,10,2024-10-01,Resident_or_benthic,NA
https://www.thesmilingseahorse.com/blog/trip-report-29th-october-2024-photo-and-video-clinic-at-burma-banks-with-mike-bartick,nurse shark,Nebrius,ferrugineus,Nebrius ferrugineus,shark,Myanmar,Burma Banks,Roe Bank,site,10/30/2024,10,2024-10-30,2024,10,2024-10-01,Resident_or_benthic,NA
https://www.thesmilingseahorse.com/blog/trip-report-29th-october-2024-photo-and-video-clinic-at-burma-banks-with-mike-bartick,nurse shark,Nebrius,ferrugineus,Nebrius ferrugineus,shark,Myanmar,Burma Banks,Roe Bank,site,10/30/2024,15,2024-10-30,2024,10,2024-10-01,Resident_or_benthic,NA
https://www.thesmilingseahorse.com/blog/trip-report-29th-october-2024-photo-and-video-clinic-at-burma-banks-with-mike-bartick,silvertip shark,Carcharhinus,albimarginatus,Carcharhinus albimarginatus,shark,Myanmar,Burma Banks,Roe Bank,site,10/30/2024,3,2024-10-30,2024,10,2024-10-01,Large_coastal_sharks,NA
https://www.thesmilingseahorse.com/blog/trip-report-29th-october-2024-photo-and-video-clinic-at-burma-banks-with-mike-bartick,nurse shark,Nebrius,ferrugineus,Nebrius ferrugineus,shark,Myanmar,Burma Banks,Roe Bank,site,10/30/2024,3,2024-10-30,2024,10,2024-10-01,Resident_or_benthic,NA
https://www.thesmilingseahorse.com/blog/trip-report-30th-april-2024-nice-encounters-in-mergui-archipelago,blotched fantail ray,Taeniurops,meyeni,Taeniurops meyeni,ray,Myanmar,Mergui,Shark Cave,site,04/30/2024,5,2024-04-30,2024,4,2024-04-01,Resident_or_benthic,NA
https://www.thesmilingseahorse.com/blog/trip-report-30th-april-2024-nice-encounters-in-mergui-archipelago,blotched fantail ray,Taeniurops,meyeni,Taeniurops meyeni,ray,Myanmar,Mergui,Dendro's Pinnacle,site,04/30/2024,5,2024-04-30,2024,4,2024-04-01,Resident_or_benthic,NA
https://www.thesmilingseahorse.com/blog/trip-report-30th-april-2024-nice-encounters-in-mergui-archipelago,blotched fantail ray,Taeniurops,meyeni,Taeniurops meyeni,ray,Myanmar,Mergui,Western Rocky,site,04/30/2024,1,2024-04-30,2024,4,2024-04-01,Resident_or_benthic,NA
https://www.thesmilingseahorse.com/blog/trip-report-30th-april-2024-nice-encounters-in-mergui-archipelago,nurse shark,Nebrius,ferrugineus,Nebrius ferrugineus,shark,Myanmar,Burma Banks,Burma Banks,region,04/30/2024,5,2024-04-30,2024,4,2024-04-01,Resident_or_benthic,NA
https://www.thesmilingseahorse.com/blog/trip-report-30th-april-2024-nice-encounters-in-mergui-archipelago,nurse shark,Nebrius,ferrugineus,Nebrius ferrugineus,shark,Myanmar,Burma Banks,Burma Banks,region,04/30/2024,15,2024-04-30,2024,4,2024-04-01,Resident_or_benthic,NA
https://www.thesmilingseahorse.com/blog/trip-report-7th-13th-of-january-2025,bluespotted maskray,Neotrygon,kuhlii,Neotrygon kuhlii,ray,Thailand,Similan,Yellow Rock,site,01/10/2025,7,2025-01-10,2025,1,2025-01-01,Resident_or_benthic,NA
https://www.thesmilingseahorse.com/blog/trip-report-7th-13th-of-january-2025,jenkins' whipray,Pateobatis,jenkinsii,Pateobatis jenkinsii,ray,Thailand,Surin,Ao Pakkard,site,01/10/2025,7,2025-01-10,2025,1,2025-01-01,Resident_or_benthic,NA
https://www.thesmilingseahorse.com/blog/trip-report-7th-13th-of-january-2025,bluespotted maskray,Neotrygon,kuhlii,Neotrygon kuhlii,ray,Thailand,Surin,Ao Pakkard,site,01/10/2025,5,2025-01-10,2025,1,2025-01-01,Resident_or_benthic,NA
https://www.thesmilingseahorse.com/blog/trip-report-7th-13th-of-january-2025,bluespotted maskray,Neotrygon,kuhlii,Neotrygon kuhlii,ray,Thailand,Similan,Three Trees,site,01/10/2025,5,2025-01-10,2025,1,2025-01-01,Resident_or_benthic,NA
https://www.thesmilingseahorse.com/blog/trip-report-a-short-cruise-around-richelieu-rock-14th-to-17th-march-2024,blotched fantail ray,Taeniurops,meyeni,Taeniurops meyeni,ray,Thailand,Surin,Richelieu Rock,site,2024-03-14,1,2024-03-14,2024,3,2024-03-01,Resident_or_benthic,NA
https://www.thesmilingseahorse.com/blog/trip-report-a-short-cruise-around-richelieu-rock-14th-to-17th-march-2024,zebra shark,Stegostoma,tigrinum,Stegostoma tigrinum,shark,Thailand,Surin,Richelieu Rock,site,2024-03-14,1,2024-03-14,2024,3,2024-03-01,Resident_or_benthic,NA
https://www.thesmilingseahorse.com/blog/trip-report-a-short-cruise-around-richelieu-rock-14th-to-17th-march-2024,requiem shark,Carcharhinidae,spp,Carcharhinidae spp,shark,Thailand,Surin,Richelieu Rock,site,2024-03-14,5,2024-03-14,2024,3,2024-03-01,Unresolved_group_level,family/group-level
https://www.thesmilingseahorse.com/blog/trip-report-an-incredible-start-to-the-season-with-a-whale-shark-and-2-mantas-at-richelieu-rock,oceanic manta,Mobula,birostris,Mobula birostris,ray,Thailand,Surin,Richelieu Rock,site,10/22/2024,2,2024-10-22,2024,10,2024-10-01,Mobulids,NA
https://www.thesmilingseahorse.com/blog/trip-report-an-incredible-start-to-the-season-with-a-whale-shark-and-2-mantas-at-richelieu-rock,blacktip reef shark,Carcharhinus,melanopterus,Carcharhinus melanopterus,shark,Thailand,Surin,Surin Islands,region,10/22/2024,1,2024-10-22,2024,10,2024-10-01,Reef_sharks,NA
https://www.thesmilingseahorse.com/blog/trip-report-an-incredible-start-to-the-season-with-a-whale-shark-and-2-mantas-at-richelieu-rock,blacktip reef shark,Carcharhinus,melanopterus,Carcharhinus melanopterus,shark,Thailand,Similan,Koh Tachai,site,10/22/2024,1,2024-10-22,2024,10,2024-10-01,Reef_sharks,NA
https://www.thesmilingseahorse.com/blog/trip-report-an-incredible-start-to-the-season-with-a-whale-shark-and-2-mantas-at-richelieu-rock,whale shark,Rhinocodon,typus,Rhinocodon typus,shark,Thailand,Surin,Richelieu Rock,site,10/22/2024,1,2024-10-22,2024,10,2024-10-01,Large_pelagic,NA
https://www.thesmilingseahorse.com/blog/trip-report-back-to-burma-from-28th-of-october-to-3rd-of-november-2023,oceanic manta,Mobula,birostris,Mobula birostris,ray,Myanmar,Mergui,Seafan Forest,site,10/30/2023,1,2023-10-30,2023,10,2023-10-01,Mobulids,NA
https://www.thesmilingseahorse.com/blog/trip-report-back-to-burma-from-28th-of-october-to-3rd-of-november-2023,blotched fantail ray,Taeniurops,meyeni,Taeniurops meyeni,ray,Myanmar,Mergui,Shark Cave,site,10/30/2023,3,2023-10-30,2023,10,2023-10-01,Resident_or_benthic,NA
https://www.thesmilingseahorse.com/blog/trip-report-burma-banks-adventure-from-31st-january-to-7th-february-2025,ocellated eagle ray,Aetobatus,ocellatus,Aetobatus ocellatus,ray,Myanmar,Mergui,North Twin,site,2025-02-03,1,2025-02-03,2025,2,2025-02-01,Resident_or_benthic,arguable mobility
https://www.thesmilingseahorse.com/blog/trip-report-burma-banks-adventure-from-31st-january-to-7th-february-2025,bluespotted maskray,Neotrygon,kuhlii,Neotrygon kuhlii,ray,Myanmar,Mergui,North Twin,site,2025-02-03,5,2025-02-03,2025,2,2025-02-01,Resident_or_benthic,NA
https://www.thesmilingseahorse.com/blog/trip-report-burma-banks-adventure-from-31st-january-to-7th-february-2025,blotched fantail ray,Taeniurops,meyeni,Taeniurops meyeni,ray,Myanmar,Mergui,Three Islets,site,2025-02-02,5,2025-02-02,2025,2,2025-02-01,Resident_or_benthic,NA
https://www.thesmilingseahorse.com/blog/trip-report-burma-banks-adventure-from-31st-january-to-7th-february-2025,blotched fantail ray,Taeniurops,meyeni,Taeniurops meyeni,ray,Myanmar,Burma Banks,Rainbow Bank,site,2025-02-04,5,2025-02-04,2025,2,2025-02-01,Resident_or_benthic,NA
https://www.thesmilingseahorse.com/blog/trip-report-burma-banks-adventure-from-31st-january-to-7th-february-2025,blotched fantail ray,Taeniurops,meyeni,Taeniurops meyeni,ray,Myanmar,Burma Banks,Silvertip Bank,site,2025-02-05,5,2025-02-05,2025,2,2025-02-01,Resident_or_benthic,NA
https://www.thesmilingseahorse.com/blog/trip-report-burma-banks-adventure-from-31st-january-to-7th-february-2025,brown banded bamboo shark,Chiloscyllium,punctatum,Chiloscyllium punctatum,shark,Myanmar,Mergui,Shark Cave,site,2025-02-02,1,2025-02-02,2025,2,2025-02-01,Resident_or_benthic,NA
https://www.thesmilingseahorse.com/blog/trip-report-burma-banks-adventure-from-31st-january-to-7th-february-2025,nurse shark,Nebrius,ferrugineus,Nebrius ferrugineus,shark,Myanmar,Burma Banks,Roe Bank,site,2025-02-04,10,2025-02-04,2025,2,2025-02-01,Resident_or_benthic,NA
https://www.thesmilingseahorse.com/blog/trip-report-burma-banks-adventure-from-31st-january-to-7th-february-2025,nurse shark,Nebrius,ferrugineus,Nebrius ferrugineus,shark,Myanmar,Burma Banks,Rainbow Bank,site,2025-02-04,1,2025-02-04,2025,2,2025-02-01,Resident_or_benthic,NA
https://www.thesmilingseahorse.com/blog/trip-report-burma-banks-adventure-from-31st-january-to-7th-february-2025,nurse shark,Nebrius,ferrugineus,Nebrius ferrugineus,shark,Myanmar,Burma Banks,Coral Bank,site,2025-02-05,10,2025-02-05,2025,2,2025-02-01,Resident_or_benthic,NA
https://www.thesmilingseahorse.com/blog/trip-report-burma-banks-adventure-from-31st-january-to-7th-february-2025,nurse shark,Nebrius,ferrugineus,Nebrius ferrugineus,shark,Myanmar,Burma Banks,Silvertip Bank,site,2025-02-05,5,2025-02-05,2025,2,2025-02-01,Resident_or_benthic,NA
https://www.thesmilingseahorse.com/blog/trip-report-burma-banks-adventure-from-31st-january-to-7th-february-2025,mangrove whipray,Urogymnus,granulatus,Urogymnus granulatus,ray,Myanmar,Burma Banks,Coral Bank,site,2025-02-05,1,2025-02-05,2025,2,2025-02-01,Resident_or_benthic,NA
https://www.thesmilingseahorse.com/blog/trip-report-burma-banks-adventure-from-31st-january-to-7th-february-2025,blotched fantail ray,Taeniurops,meyeni,Taeniurops meyeni,ray,Myanmar,Burma Banks,Rainbow Bank,site,2025-02-04,5,2025-02-04,2025,2,2025-02-01,Resident_or_benthic,NA
https://www.thesmilingseahorse.com/blog/trip-report-burma-expedition-aboard-mv-smiling-seahorse-february-26-march-6-2025,oceanic manta,Mobula,birostris,Mobula birostris,ray,Myanmar,Mergui,Black Rock,site,2025-02-28,1,2025-02-28,2025,2,2025-02-01,Mobulids,NA
https://www.thesmilingseahorse.com/blog/trip-report-burma-expedition-aboard-mv-smiling-seahorse-february-26-march-6-2025,ocellated eagle ray,Aetobatus,ocellatus,Aetobatus ocellatus,ray,Myanmar,Mergui,Three Islets,site,2025-02-28,1,2025-02-28,2025,2,2025-02-01,Resident_or_benthic,arguable mobility
https://www.thesmilingseahorse.com/blog/trip-report-burma-expedition-aboard-mv-smiling-seahorse-february-26-march-6-2025,blotched fantail ray,Taeniurops,meyeni,Taeniurops meyeni,ray,Myanmar,Mergui,Three Islets,site,2025-02-28,1,2025-02-28,2025,2,2025-02-01,Resident_or_benthic,NA
https://www.thesmilingseahorse.com/blog/trip-report-burma-expedition-aboard-mv-smiling-seahorse-february-26-march-6-2025,grey reef shark,Carcharhinus,amblyrhynchos,Carcharhinus amblyrhynchos,shark,Myanmar,Mergui,South Twin,site,2025-02-27,1,2025-02-27,2025,2,2025-02-01,Reef_sharks,mobile reef-associated
https://www.thesmilingseahorse.com/blog/trip-report-celebrating-2025-in-mergui-and-burma-banks,blotched fantail ray,Taeniurops,meyeni,Taeniurops meyeni,ray,Myanmar,Burma Banks,Silvertip Bank,site,2025-01-03,5,2025-01-03,2025,1,2025-01-01,Resident_or_benthic,NA
https://www.thesmilingseahorse.com/blog/trip-report-celebrating-2025-in-mergui-and-burma-banks,nurse shark,Nebrius,ferrugineus,Nebrius ferrugineus,shark,Myanmar,Burma Banks,Roe Bank,site,2025-01-02,10,2025-01-02,2025,1,2025-01-01,Resident_or_benthic,NA
https://www.thesmilingseahorse.com/blog/trip-report-celebrating-2025-in-mergui-and-burma-banks,whitetip reef shark,Triaenodon,obesus,Triaenodon obesus,shark,Myanmar,Burma Banks,Roe Bank,site,2025-01-02,5,2025-01-02,2025,1,2025-01-01,Reef_sharks,NA
https://www.thesmilingseahorse.com/blog/trip-report-celebrating-2025-in-mergui-and-burma-banks,nurse shark,Nebrius,ferrugineus,Nebrius ferrugineus,shark,Myanmar,Burma Banks,Rainbow Bank,site,2025-01-02,10,2025-01-02,2025,1,2025-01-01,Resident_or_benthic,NA
https://www.thesmilingseahorse.com/blog/trip-report-celebrating-2025-in-mergui-and-burma-banks,whitetip reef shark,Triaenodon,obesus,Triaenodon obesus,shark,Myanmar,Burma Banks,Rainbow Bank,site,2025-01-02,5,2025-01-02,2025,1,2025-01-01,Reef_sharks,NA
https://www.thesmilingseahorse.com/blog/trip-report-celebrating-2025-in-mergui-and-burma-banks,nurse shark,Nebrius,ferrugineus,Nebrius ferrugineus,shark,Myanmar,Burma Banks,Rainbow Bank,site,2025-01-02,5,2025-01-02,2025,1,2025-01-01,Resident_or_benthic,NA
https://www.thesmilingseahorse.com/blog/trip-report-celebrating-2025-in-mergui-and-burma-banks,nurse shark,Nebrius,ferrugineus,Nebrius ferrugineus,shark,Myanmar,Burma Banks,Roe Bank,site,2025-01-03,10,2025-01-03,2025,1,2025-01-01,Resident_or_benthic,NA
https://www.thesmilingseahorse.com/blog/trip-report-celebrating-2025-in-mergui-and-burma-banks,grey reef shark,Carcharhinus,amblyrhynchos,Carcharhinus amblyrhynchos,shark,Myanmar,Burma Banks,Rainbow Bank,site,2025-01-03,1,2025-01-03,2025,1,2025-01-01,Reef_sharks,mobile reef-associated
https://www.thesmilingseahorse.com/blog/trip-report-celebrating-2025-in-mergui-and-burma-banks,silvertip shark,Carcharhinus,albimarginatus,Carcharhinus albimarginatus,shark,Myanmar,Burma Banks,Silvertip Bank,site,2025-01-03,1,2025-01-03,2025,1,2025-01-01,Large_coastal_sharks,NA
https://www.thesmilingseahorse.com/blog/trip-report-celebrating-2025-in-mergui-and-burma-banks,grey reef shark,Carcharhinus,amblyrhynchos,Carcharhinus amblyrhynchos,shark,Myanmar,Burma Banks,Silvertip Bank,site,2025-01-03,5,2025-01-03,2025,1,2025-01-01,Reef_sharks,mobile reef-associated
https://www.thesmilingseahorse.com/blog/trip-report-celebrating-2025-in-mergui-and-burma-banks,nurse shark,Nebrius,ferrugineus,Nebrius ferrugineus,shark,Myanmar,Burma Banks,Roe Bank,site,2025-01-02,5,2025-01-02,2025,1,2025-01-01,Resident_or_benthic,NA
https://www.thesmilingseahorse.com/blog/trip-report-exploring-burma-banks-with-mv-smiling-seahorse-23rd-29th-january-2025,oceanic manta,Mobula,birostris,Mobula birostris,ray,Myanmar,Burma Banks,Silvertip Bank,site,2025-01-27,1,2025-01-27,2025,1,2025-01-01,Mobulids,NA
https://www.thesmilingseahorse.com/blog/trip-report-exploring-burma-banks-with-mv-smiling-seahorse-23rd-29th-january-2025,ocellated eagle ray,Aetobatus,ocellatus,Aetobatus ocellatus,ray,Myanmar,Mergui,North Twin,site,2025-01-25,1,2025-01-25,2025,1,2025-01-01,Resident_or_benthic,arguable mobility
https://www.thesmilingseahorse.com/blog/trip-report-exploring-burma-banks-with-mv-smiling-seahorse-23rd-29th-january-2025,bluespotted maskray,Neotrygon,kuhlii,Neotrygon kuhlii,ray,Myanmar,Burma Banks,Coral Bank,site,2025-01-26,5,2025-01-26,2025,1,2025-01-01,Resident_or_benthic,NA
https://www.thesmilingseahorse.com/blog/trip-report-exploring-burma-banks-with-mv-smiling-seahorse-23rd-29th-january-2025,blotched fantail ray,Taeniurops,meyeni,Taeniurops meyeni,ray,Myanmar,Mergui,Shark Cave,site,2025-01-24,1,2025-01-24,2025,1,2025-01-01,Resident_or_benthic,NA
https://www.thesmilingseahorse.com/blog/trip-report-exploring-burma-banks-with-mv-smiling-seahorse-23rd-29th-january-2025,blotched fantail ray,Taeniurops,meyeni,Taeniurops meyeni,ray,Myanmar,Burma Banks,Silvertip Bank,site,2025-01-26,1,2025-01-26,2025,1,2025-01-01,Resident_or_benthic,NA
https://www.thesmilingseahorse.com/blog/trip-report-exploring-burma-banks-with-mv-smiling-seahorse-23rd-29th-january-2025,blotched fantail ray,Taeniurops,meyeni,Taeniurops meyeni,ray,Myanmar,Burma Banks,Silvertip Bank,site,2025-01-26,5,2025-01-26,2025,1,2025-01-01,Resident_or_benthic,NA
https://www.thesmilingseahorse.com/blog/trip-report-exploring-burma-banks-with-mv-smiling-seahorse-23rd-29th-january-2025,blotched fantail ray,Taeniurops,meyeni,Taeniurops meyeni,ray,Myanmar,Mergui,Western Rocky,site,2025-01-28,1,2025-01-28,2025,1,2025-01-01,Resident_or_benthic,NA
https://www.thesmilingseahorse.com/blog/trip-report-exploring-burma-banks-with-mv-smiling-seahorse-23rd-29th-january-2025,blotched fantail ray,Taeniurops,meyeni,Taeniurops meyeni,ray,Myanmar,Mergui,Dendro's Pinnacle,site,2025-01-29,1,2025-01-29,2025,1,2025-01-01,Resident_or_benthic,NA
https://www.thesmilingseahorse.com/blog/trip-report-exploring-burma-banks-with-mv-smiling-seahorse-23rd-29th-january-2025,nurse shark,Nebrius,ferrugineus,Nebrius ferrugineus,shark,Myanmar,Burma Banks,Roe Bank,site,2025-01-26,1,2025-01-26,2025,1,2025-01-01,Resident_or_benthic,NA
https://www.thesmilingseahorse.com/blog/trip-report-exploring-burma-banks-with-mv-smiling-seahorse-23rd-29th-january-2025,nurse shark,Nebrius,ferrugineus,Nebrius ferrugineus,shark,Myanmar,Burma Banks,Coral Bank,site,2025-01-26,10,2025-01-26,2025,1,2025-01-01,Resident_or_benthic,NA
https://www.thesmilingseahorse.com/blog/trip-report-exploring-burma-banks-with-mv-smiling-seahorse-23rd-29th-january-2025,silvertip shark,Carcharhinus,albimarginatus,Carcharhinus albimarginatus,shark,Myanmar,Burma Banks,Silvertip Bank,site,2025-01-26,1,2025-01-26,2025,1,2025-01-01,Large_coastal_sharks,NA
https://www.thesmilingseahorse.com/blog/trip-report-exploring-burma-banks-with-mv-smiling-seahorse-23rd-29th-january-2025,nurse shark,Nebrius,ferrugineus,Nebrius ferrugineus,shark,Myanmar,Burma Banks,Rainbow Bank,site,2025-01-27,10,2025-01-27,2025,1,2025-01-01,Resident_or_benthic,NA
https://www.thesmilingseahorse.com/blog/trip-report-exploring-burma-banks-with-mv-smiling-seahorse-23rd-29th-january-2025,requiem shark,Carcharhinidae,spp,Carcharhinidae spp,shark,Myanmar,Burma Banks,Silvertip Bank,site,2025-01-27,3,2025-01-27,2025,1,2025-01-01,Unresolved_group_level,family/group-level
https://www.thesmilingseahorse.com/blog/trip-report-exploring-burma-banks-with-mv-smiling-seahorse-23rd-29th-january-2025,silvertip shark,Carcharhinus,albimarginatus,Carcharhinus albimarginatus,shark,Myanmar,Burma Banks,Silvertip Bank,site,2025-01-27,1,2025-01-27,2025,1,2025-01-01,Large_coastal_sharks,NA
https://www.thesmilingseahorse.com/blog/trip-report-from-north-south-andaman-25-april-2-may-2023,bluespotted maskray,Neotrygon,kuhlii,Neotrygon kuhlii,ray,Thailand,Surin,Surin Islands,region,2023-04-26,5,2023-04-26,2023,4,2023-04-01,Resident_or_benthic,NA
https://www.thesmilingseahorse.com/blog/trip-report-from-north-south-andaman-25-april-2-may-2023,blacktip reef shark,Carcharhinus,melanopterus,Carcharhinus melanopterus,shark,Thailand,Phuket,Shark Point,site,2023-05-01,5,2023-05-01,2023,5,2023-05-01,Reef_sharks,NA
https://www.thesmilingseahorse.com/blog/trip-report-manta-ray-expedition-from-19th-to-27th-of-march,oceanic manta,Mobula,birostris,Mobula birostris,ray,Thailand,Similan,Similan Islands,region,2023-03-23,1,2023-03-23,2023,3,2023-03-01,Mobulids,NA
https://www.thesmilingseahorse.com/blog/trip-report-manta-ray-expedition-from-19th-to-27th-of-march,mobula ray,Mobula,spp,Mobula spp,ray,Thailand,Similan,Similan Islands,region,2023-03-24,1,2023-03-24,2023,3,2023-03-01,Mobulids,group-level
https://www.thesmilingseahorse.com/blog/trip-report-manta-ray-expedition-from-19th-to-27th-of-march,zebra shark,Stegostoma,tigrinum,Stegostoma tigrinum,shark,Thailand,Similan,Similan Islands,region,2023-03-24,1,2023-03-24,2023,3,2023-03-01,Resident_or_benthic,NA
https://www.thesmilingseahorse.com/blog/trip-report-manta-ray-expedition-from-19th-to-27th-of-march,blacktip reef shark,Carcharhinus,melanopterus,Carcharhinus melanopterus,shark,Thailand,Surin,Surin Islands,region,2023-03-23,5,2023-03-23,2023,3,2023-03-01,Reef_sharks,NA
https://www.thesmilingseahorse.com/blog/trip-report-manta-ray-expedition-from-19th-to-27th-of-march,zebra shark,Stegostoma,tigrinum,Stegostoma tigrinum,shark,Thailand,Phuket,Phuket,region,2023-03-28,1,2023-03-28,2023,3,2023-03-01,Resident_or_benthic,NA
https://www.thesmilingseahorse.com/blog/trip-report-myanmar-manta-expedition-2024-mergui-archipelago-burma-banks,oceanic manta,Mobula,birostris,Mobula birostris,ray,Myanmar,Burma Banks,Burma Banks,region,2024-04-23,1,2024-04-23,2024,4,2024-04-01,Mobulids,NA
https://www.thesmilingseahorse.com/blog/trip-report-myanmar-manta-expedition-2024-mergui-archipelago-burma-banks,ocellated eagle ray,Aetobatus,ocellatus,Aetobatus ocellatus,ray,Myanmar,Mergui,Tower Rock,site,2024-04-24,1,2024-04-24,2024,4,2024-04-01,Resident_or_benthic,arguable mobility
https://www.thesmilingseahorse.com/blog/trip-report-myanmar-manta-expedition-2024-mergui-archipelago-burma-banks,blotched fantail ray,Taeniurops,meyeni,Taeniurops meyeni,ray,Myanmar,Mergui,Western Rocky,site,2024-04-26,1,2024-04-26,2024,4,2024-04-01,Resident_or_benthic,NA
https://www.thesmilingseahorse.com/blog/trip-report-myanmar-manta-expedition-2024-mergui-archipelago-burma-banks,bull shark,Carcharhinus,leucas,Carcharhinus leucas,shark,Myanmar,Mergui,Black Rock,site,2024-04-25,1,2024-04-25,2024,4,2024-04-01,Large_coastal_sharks,NA
https://www.thesmilingseahorse.com/blog/trip-report-myanmar-manta-expedition-2024-mergui-archipelago-burma-banks,nurse shark,Nebrius,ferrugineus,Nebrius ferrugineus,shark,Myanmar,Burma Banks,Burma Banks,region,2024-04-25,10,2024-04-25,2024,4,2024-04-01,Resident_or_benthic,NA
https://www.thesmilingseahorse.com/blog/trip-report-myanmar-manta-expedition-2024-mergui-archipelago-burma-banks,grey reef shark,Carcharhinus,amblyrhynchos,Carcharhinus amblyrhynchos,shark,Myanmar,Burma Banks,Burma Banks,region,2024-04-25,5,2024-04-25,2024,4,2024-04-01,Reef_sharks,mobile reef-associated
https://www.thesmilingseahorse.com/blog/trip-report-north-and-south-andaman-christmas-cruise,oceanic manta,Mobula,birostris,Mobula birostris,ray,Thailand,Koh Lanta,Hin Muang,site,2023-12-19,4,2023-12-19,2023,12,2023-12-01,Mobulids,NA
https://www.thesmilingseahorse.com/blog/trip-report-north-and-south-andaman-christmas-cruise,ocellated eagle ray,Aetobatus,ocellatus,Aetobatus ocellatus,ray,Thailand,Surin,Richelieu Rock,site,2023-12-19,1,2023-12-19,2023,12,2023-12-01,Resident_or_benthic,arguable mobility
https://www.thesmilingseahorse.com/blog/trip-report-north-and-south-andaman-christmas-cruise,jenkins' whipray,Pateobatis,jenkinsii,Pateobatis jenkinsii,ray,Thailand,Surin,Richelieu Rock,site,2023-12-19,1,2023-12-19,2023,12,2023-12-01,Resident_or_benthic,NA
https://www.thesmilingseahorse.com/blog/trip-report-north-and-south-andaman-christmas-cruise,blotched fantail ray,Taeniurops,meyeni,Taeniurops meyeni,ray,Thailand,Similan,West Ridge,site,2023-12-19,1,2023-12-19,2023,12,2023-12-01,Resident_or_benthic,NA
https://www.thesmilingseahorse.com/blog/trip-report-north-and-south-andaman-christmas-cruise,guitarfish,Rhinobatidae,spp,Rhinobatidae spp,ray,Thailand,Similan,North Ridge,site,2023-12-19,2,2023-12-19,2023,12,2023-12-01,Wedgefish_guitarfish,family/group-level
https://www.thesmilingseahorse.com/blog/trip-report-north-and-south-andaman-christmas-cruise,whitetip reef shark,Triaenodon,obesus,Triaenodon obesus,shark,Thailand,Similan,Elephant Head Rock,site,2023-12-19,2,2023-12-19,2023,12,2023-12-01,Reef_sharks,NA
https://www.thesmilingseahorse.com/blog/trip-report-north-and-south-andaman-christmas-cruise,zebra shark,Stegostoma,tigrinum,Stegostoma tigrinum,shark,Thailand,Similan,Elephant Head Rock,site,2023-12-19,1,2023-12-19,2023,12,2023-12-01,Resident_or_benthic,NA
https://www.thesmilingseahorse.com/blog/trip-report-north-and-south-andaman-christmas-cruise,nurse shark,Nebrius,ferrugineus,Nebrius ferrugineus,shark,Thailand,Similan,Three Trees,site,2023-12-19,1,2023-12-19,2023,12,2023-12-01,Resident_or_benthic,NA
https://www.thesmilingseahorse.com/blog/trip-report-north-and-south-andaman-christmas-cruise,zebra shark,Stegostoma,tigrinum,Stegostoma tigrinum,shark,Thailand,Phuket,Shark Point,site,2023-12-19,1,2023-12-19,2023,12,2023-12-01,Resident_or_benthic,NA
https://www.thesmilingseahorse.com/blog/trip-report-north-and-south-andaman-christmas-cruise,guitarfish,Rhinobatidae,spp,Rhinobatidae spp,ray,Thailand,Phuket,Shark Point,site,2023-12-19,1,2023-12-19,2023,12,2023-12-01,Wedgefish_guitarfish,family/group-level
https://www.thesmilingseahorse.com/blog/trip-report-north-and-south-andaman-christmas-cruise,zebra shark,Stegostoma,tigrinum,Stegostoma tigrinum,shark,Thailand,Andaman (unspecified),Andaman Sea,region,2023-12-19,1,2023-12-19,2023,12,2023-12-01,Resident_or_benthic,NA
https://www.thesmilingseahorse.com/blog/trip-report-north-and-south-andaman-cruise-from-the-29th-march-2024,oceanic manta,Mobula,birostris,Mobula birostris,ray,Thailand,Koh Lanta,"Hin Muang, Hin Daeng",site,2024-03-30,4,2024-03-30,2024,3,2024-03-01,Mobulids,NA
https://www.thesmilingseahorse.com/blog/trip-report-north-and-south-andaman-cruise-from-the-29th-march-2024,oceanic manta,Mobula,birostris,Mobula birostris,ray,Thailand,Koh Lanta,"Hin Muang, Hin Daeng",site,2024-04-01,2,2024-04-01,2024,4,2024-04-01,Mobulids,NA
https://www.thesmilingseahorse.com/blog/trip-report-north-and-south-andaman-cruise-from-the-29th-march-2024,blotched fantail ray,Taeniurops,meyeni,Taeniurops meyeni,ray,Thailand,Koh Lanta,Koh Haa,site,2024-04-02,4,2024-04-02,2024,4,2024-04-01,Resident_or_benthic,NA
https://www.thesmilingseahorse.com/blog/trip-report-north-and-south-andaman-cruise-from-the-29th-march-2024,coral catshark,Atelomycterus,marmoratus,Atelomycterus marmoratus,shark,Thailand,Koh Lipe,Tarutao National Park,site,2024-04-01,5,2024-04-01,2024,4,2024-04-01,Resident_or_benthic,NA
https://www.thesmilingseahorse.com/blog/trip-report-north-and-south-andaman-cruise-from-the-29th-march-2024,whitetip reef shark,Triaenodon,obesus,Triaenodon obesus,shark,Thailand,Similan,Similan Islands,region,2024-04-01,5,2024-04-01,2024,4,2024-04-01,Reef_sharks,NA
https://www.thesmilingseahorse.com/blog/trip-report-north-and-south-andaman-cruise-from-the-29th-march-2024,bull shark,Carcharhinus,leucas,Carcharhinus leucas,shark,Thailand,Similan,Koh Bon,site,2024-04-01,1,2024-04-01,2024,4,2024-04-01,Large_coastal_sharks,NA
https://www.thesmilingseahorse.com/blog/trip-report-north-andaman-14th-to-18th-february-2023,blacktip reef shark,Carcharhinus,melanopterus,Carcharhinus melanopterus,shark,Thailand,Similan,Similan Islands,region,2023-02-16,5,2023-02-16,2023,2,2023-02-01,Reef_sharks,NA
https://www.thesmilingseahorse.com/blog/trip-report-north-andaman-6th-to-12th-january-2024,reef manta,Mobula,alfredii,Mobula alfredii,ray,Thailand,Similan,Similan Islands,region,2024-01-11,3,2024-01-11,2024,1,2024-01-01,Mobulids,NA
https://www.thesmilingseahorse.com/blog/trip-report-north-andaman-6th-to-12th-january-2024,blotched fantail ray,Taeniurops,meyeni,Taeniurops meyeni,ray,Thailand,Surin,Surin Islands,region,2024-01-06,1,2024-01-06,2024,1,2024-01-01,Resident_or_benthic,NA
https://www.thesmilingseahorse.com/blog/trip-report-north-andaman-6th-to-12th-january-2024,blotched fantail ray,Taeniurops,meyeni,Taeniurops meyeni,ray,Thailand,Similan,Koh Bon,site,2024-01-10,5,2024-01-10,2024,1,2024-01-01,Resident_or_benthic,NA
https://www.thesmilingseahorse.com/blog/trip-report-north-andaman-6th-to-12th-january-2024,blotched fantail ray,Taeniurops,meyeni,Taeniurops meyeni,ray,Thailand,Similan,Rocky Point,site,2024-01-12,5,2024-01-12,2024,1,2024-01-01,Resident_or_benthic,NA
https://www.thesmilingseahorse.com/blog/trip-report-north-andaman-6th-to-12th-january-2024,bull shark,Carcharhinus,leucas,Carcharhinus leucas,shark,Thailand,Similan,Koh Bon,site,2024-01-10,7,2024-01-10,2024,1,2024-01-01,Large_coastal_sharks,NA
https://www.thesmilingseahorse.com/blog/trip-report-north-andaman-6th-to-12th-january-2024,bull shark,Carcharhinus,leucas,Carcharhinus leucas,shark,Thailand,Similan,West of Eden,site,2024-01-12,1,2024-01-12,2024,1,2024-01-01,Large_coastal_sharks,NA
https://www.thesmilingseahorse.com/blog/trip-report-north-andaman-from-20th-to-25th-february-2023,bluespotted maskray,Neotrygon,kuhlii,Neotrygon kuhlii,ray,Thailand,Koh Lipe,North Point,site,2023-02-21,10,2023-02-21,2023,2,2023-02-01,Resident_or_benthic,NA
https://www.thesmilingseahorse.com/blog/trip-report-north-andaman-from-20th-to-25th-february-2023,whitetip reef shark,Triaenodon,obesus,Triaenodon obesus,shark,Thailand,Similan,Christmas Point,site,2023-02-20,4,2023-02-20,2023,2,2023-02-01,Reef_sharks,NA
https://www.thesmilingseahorse.com/blog/trip-report-north-andaman-from-29th-of-march-to-2nd-of-april-2023,bluespotted maskray,Neotrygon,kuhlii,Neotrygon kuhlii,ray,Thailand,Khao Lak,Boonsung Wreck,site,2023-04-02,5,2023-04-02,2023,4,2023-04-01,Resident_or_benthic,NA
https://www.thesmilingseahorse.com/blog/trip-report-north-andaman-from-29th-of-march-to-2nd-of-april-2023,whitetip reef shark,Triaenodon,obesus,Triaenodon obesus,shark,Thailand,Similan,Shark Fin Reef,site,2023-03-31,1,2023-03-31,2023,3,2023-03-01,Reef_sharks,NA
https://www.thesmilingseahorse.com/blog/trip-report-north-andaman-from-29th-of-march-to-2nd-of-april-2023,whitetip reef shark,Triaenodon,obesus,Triaenodon obesus,shark,Thailand,Surin,Richelieu Rock,site,2023-03-31,5,2023-03-31,2023,3,2023-03-01,Reef_sharks,NA
https://www.thesmilingseahorse.com/blog/trip-report-north-andaman-from-29th-of-march-to-2nd-of-april-2023,brown banded bamboo shark,Chiloscyllium,punctatum,Chiloscyllium punctatum,shark,Thailand,Surin,Richelieu Rock,site,2023-04-02,2,2023-04-02,2023,4,2023-04-01,Resident_or_benthic,NA
https://www.thesmilingseahorse.com/blog/trip-report-north-andaman-from-4th-to-10th-of-march-2023,blotched fantail ray,Taeniurops,meyeni,Taeniurops meyeni,ray,Thailand,Similan,Yellow Rock,site,2023-03-05,1,2023-03-05,2023,3,2023-03-01,Resident_or_benthic,NA
https://www.thesmilingseahorse.com/blog/trip-report-north-andaman-from-4th-to-10th-of-march-2023,blacktip reef shark,Carcharhinus,melanopterus,Carcharhinus melanopterus,shark,Thailand,Similan,Koh Tachai,site,2023-03-05,5,2023-03-05,2023,3,2023-03-01,Reef_sharks,NA
https://www.thesmilingseahorse.com/blog/trip-report-north-andaman-from-4th-to-8th-april-2023,oceanic manta,Mobula,birostris,Mobula birostris,ray,Thailand,Similan,Koh Bon,site,2023-04-05,2,2023-04-05,2023,4,2023-04-01,Mobulids,NA
https://www.thesmilingseahorse.com/blog/trip-report-north-andaman-from-4th-to-8th-april-2023,bluespotted maskray,Neotrygon,kuhlii,Neotrygon kuhlii,ray,Thailand,Phuket,Racha Noi,site,2023-04-06,5,2023-04-06,2023,4,2023-04-01,Resident_or_benthic,NA
https://www.thesmilingseahorse.com/blog/trip-report-north-andaman-from-4th-to-8th-april-2023,blotched fantail ray,Taeniurops,meyeni,Taeniurops meyeni,ray,Thailand,Similan,Koh Bon,site,2023-04-05,1,2023-04-05,2023,4,2023-04-01,Resident_or_benthic,NA
https://www.thesmilingseahorse.com/blog/trip-report-north-andaman-trip-from-27th-february-to-2nd-of-march-2023,ocellated eagle ray,Aetobatus,ocellatus,Aetobatus ocellatus,ray,Thailand,Surin,Richelieu Rock,site,2023-02-28,1,2023-02-28,2023,2,2023-02-01,Resident_or_benthic,arguable mobility
https://www.thesmilingseahorse.com/blog/trip-report-north-andaman-trip-from-27th-february-to-2nd-of-march-2023,bluespotted maskray,Neotrygon,kuhlii,Neotrygon kuhlii,ray,Thailand,Surin,Richelieu Rock,site,2023-02-28,10,2023-02-28,2023,2,2023-02-01,Resident_or_benthic,NA
https://www.thesmilingseahorse.com/blog/trip-report-north-andaman-trip-from-27th-february-to-2nd-of-march-2023,white-spotted wedgefish,Rhynchobatus,australiae,Rhynchobatus australiae,ray,Thailand,Surin,Surin Islands,region,2023-02-27,1,2023-02-27,2023,2,2023-02-01,Wedgefish_guitarfish,NA
https://www.thesmilingseahorse.com/blog/trip-report-north-to-south-an-unforgettable-andaman-diving-safari-from-22nd-to-29th-of-november-2024,ocellated eagle ray,Aetobatus,ocellatus,Aetobatus ocellatus,ray,Thailand,Surin,Koh Chi,site,2024-11-23,1,2024-11-23,2024,11,2024-11-01,Resident_or_benthic,arguable mobility
https://www.thesmilingseahorse.com/blog/trip-report-north-to-south-an-unforgettable-andaman-diving-safari-from-22nd-to-29th-of-november-2024,bluespotted maskray,Neotrygon,kuhlii,Neotrygon kuhlii,ray,Thailand,Similan,Three Trees,site,2024-11-25,5,2024-11-25,2024,11,2024-11-01,Resident_or_benthic,NA
https://www.thesmilingseahorse.com/blog/trip-report-north-to-south-an-unforgettable-andaman-diving-safari-from-22nd-to-29th-of-november-2024,blacktip reef shark,Carcharhinus,melanopterus,Carcharhinus melanopterus,shark,Thailand,Surin,Koh Chi,site,2024-11-23,1,2024-11-23,2024,11,2024-11-01,Reef_sharks,NA
https://www.thesmilingseahorse.com/blog/trip-report-north-to-south-an-unforgettable-andaman-diving-safari-from-22nd-to-29th-of-november-2024,whitetip reef shark,Triaenodon,obesus,Triaenodon obesus,shark,Thailand,Similan,Elephant Head Rock,site,2024-11-25,1,2024-11-25,2024,11,2024-11-01,Reef_sharks,NA
https://www.thesmilingseahorse.com/blog/trip-report-north-to-south-an-unforgettable-andaman-diving-safari-from-22nd-to-29th-of-november-2024,blacktip reef shark,Carcharhinus,melanopterus,Carcharhinus melanopterus,shark,Thailand,Phuket,Koh Bida Nok,site,2024-11-29,4,2024-11-29,2024,11,2024-11-01,Reef_sharks,NA
https://www.thesmilingseahorse.com/blog/trip-report-north-to-south-andaman-from-11th-18th-november-2023,oceanic manta,Mobula,birostris,Mobula birostris,ray,Thailand,Koh Lanta,Hin Muang,site,2023-11-13,3,2023-11-13,2023,11,2023-11-01,Mobulids,NA
https://www.thesmilingseahorse.com/blog/trip-report-north-to-south-andaman-from-11th-18th-november-2023,oceanic manta,Mobula,birostris,Mobula birostris,ray,Thailand,Koh Lanta,Hin Muang,site,2023-11-13,3,2023-11-13,2023,11,2023-11-01,Mobulids,NA
https://www.thesmilingseahorse.com/blog/trip-report-north-to-south-andaman-from-11th-18th-november-2023,blacktip reef shark,Carcharhinus,melanopterus,Carcharhinus melanopterus,shark,Thailand,Similan,Similan Islands,region,2023-11-14,5,2023-11-14,2023,11,2023-11-01,Reef_sharks,NA
https://www.thesmilingseahorse.com/blog/trip-report-north-to-south-andaman-from-11th-18th-november-2023,guitarfish,Rhinobatidae,spp,Rhinobatidae spp,ray,Thailand,Similan,Similan Islands,region,2023-11-14,1,2023-11-14,2023,11,2023-11-01,Wedgefish_guitarfish,family/group-level
https://www.thesmilingseahorse.com/blog/trip-report-north-to-south-andaman-from-11th-18th-november-2023,zebra shark,Stegostoma,tigrinum,Stegostoma tigrinum,shark,Thailand,Phuket,Phuket,region,2023-11-11,1,2023-11-11,2023,11,2023-11-01,Resident_or_benthic,NA
https://www.thesmilingseahorse.com/blog/trip-report-north-to-south-andaman-from-11th-18th-november-2023,nurse shark,Nebrius,ferrugineus,Nebrius ferrugineus,shark,Thailand,Similan,Similan Islands,region,2023-11-14,10,2023-11-14,2023,11,2023-11-01,Resident_or_benthic,NA
https://www.thesmilingseahorse.com/blog/trip-report-north-to-south-andaman-trip-from-1st-to-8th-of-december-2022,oceanic manta,Mobula,birostris,Mobula birostris,ray,Thailand,Koh Lanta,Lanta National Park,region,2022-12-04,1,2022-12-04,2022,12,2022-12-01,Mobulids,NA
https://www.thesmilingseahorse.com/blog/trip-report-north-to-south-andaman-trip-from-1st-to-8th-of-december-2022,blacktip reef shark,Carcharhinus,melanopterus,Carcharhinus melanopterus,shark,Thailand,Phuket,Shark Point,site,2022-12-08,5,2022-12-08,2022,12,2022-12-01,Reef_sharks,NA
https://www.thesmilingseahorse.com/blog/trip-report-photo-video-expedition-from-5th-to-9th-november-2023,blotched fantail ray,Taeniurops,meyeni,Taeniurops meyeni,ray,Thailand,Similan,Similan Islands,region,2023-11-05,1,2023-11-05,2023,11,2023-11-01,Resident_or_benthic,NA
https://www.thesmilingseahorse.com/blog/trip-report-south-and-north-andaman-from-the-28th-december-to-the-4th-january,blotched fantail ray,Taeniurops,meyeni,Taeniurops meyeni,ray,Thailand,Similan,Koh Bon,site,2023-12-30,2,2023-12-30,2023,12,2023-12-01,Resident_or_benthic,NA
https://www.thesmilingseahorse.com/blog/trip-report-south-and-north-andaman-from-the-28th-december-to-the-4th-january,jenkins' whipray,Pateobatis,jenkinsii,Pateobatis jenkinsii,ray,Thailand,Similan,Koh Bon,site,2024-01-02,1,2024-01-02,2024,1,2024-01-01,Resident_or_benthic,NA
https://www.thesmilingseahorse.com/blog/trip-report-south-and-north-andaman-from-the-28th-december-to-the-4th-january,whitetip reef shark,Triaenodon,obesus,Triaenodon obesus,shark,Thailand,Similan,Shark Fin Reef,site,2024-01-01,5,2024-01-01,2024,1,2024-01-01,Reef_sharks,NA
https://www.thesmilingseahorse.com/blog/trip-report-south-north-andaman-sea-from-10th-to-17th-of-december-2022,oceanic manta,Mobula,birostris,Mobula birostris,ray,Thailand,Koh Lipe,Koh Lipe,site,2022-12-14,1,2022-12-14,2022,12,2022-12-01,Mobulids,NA
https://www.thesmilingseahorse.com/blog/trip-report-south-to-north-andaman-cruise-from-the-14th-to-21st-of-november-2022,ocellated eagle ray,Aetobatus,ocellatus,Aetobatus ocellatus,ray,Thailand,Similan,Similan Islands,region,2022-11-16,1,2022-11-16,2022,11,2022-11-01,Resident_or_benthic,arguable mobility
https://www.thesmilingseahorse.com/blog/trip-report-south-to-north-andaman-cruise-from-the-14th-to-21st-of-november-2022,blacktip reef shark,Carcharhinus,melanopterus,Carcharhinus melanopterus,shark,Thailand,Similan,Similan Islands,region,2022-12-16,5,2022-12-16,2022,12,2022-12-01,Reef_sharks,NA
https://www.thesmilingseahorse.com/blog/trip-report-south-to-north-andaman-from-20th-27th-november-2023,oceanic manta,Mobula,birostris,Mobula birostris,ray,Thailand,Koh Lanta,"Hin Muang, Hin Daeng",site,2023-11-23,1,2023-11-23,2023,11,2023-11-01,Mobulids,NA
https://www.thesmilingseahorse.com/blog/trip-report-south-to-north-andaman-from-20th-27th-november-2023,mobula ray,Mobula,spp,Mobula spp,ray,Thailand,Koh Lipe,8 Mile Rock,site,2023-11-26,1,2023-11-26,2023,11,2023-11-01,Mobulids,group-level
https://www.thesmilingseahorse.com/blog/trip-report-south-to-north-andaman-from-20th-27th-november-2023,jenkins' whipray,Pateobatis,jenkinsii,Pateobatis jenkinsii,ray,Thailand,Surin,Richelieu Rock,site,2023-11-26,4,2023-11-26,2023,11,2023-11-01,Resident_or_benthic,NA
https://www.thesmilingseahorse.com/blog/trip-report-south-to-north-andaman-from-20th-27th-november-2023,whitetip reef shark,Triaenodon,obesus,Triaenodon obesus,shark,Thailand,Similan,Elephant Head Rock,site,2023-11-27,1,2023-11-27,2023,11,2023-11-01,Reef_sharks,NA
https://www.thesmilingseahorse.com/blog/trip-report-south-to-north-andaman-from-20th-27th-november-2023,white-spotted wedgefish,Rhynchobatus,australiae,Rhynchobatus australiae,ray,Thailand,Similan,Koh Bon,site,2023-11-28,1,2023-11-28,2023,11,2023-11-01,Wedgefish_guitarfish,NA
https://www.thesmilingseahorse.com/blog/trip-report-thailand-andaman-photo-clinic-from-31st-january-to-7th-february-2024,blotched fantail ray,Taeniurops,meyeni,Taeniurops meyeni,ray,Thailand,Similan,Koh Bon,site,2024-02-07,3,2024-02-07,2024,2,2024-02-01,Resident_or_benthic,NA
https://www.thesmilingseahorse.com/blog/trip-report-thailand-andaman-photo-clinic-from-31st-january-to-7th-february-2024,bull shark,Carcharhinus,leucas,Carcharhinus leucas,shark,Thailand,Similan,Koh Bon,site,2024-02-07,2,2024-02-07,2024,2,2024-02-01,Large_coastal_sharks,NA
https://www.thesmilingseahorse.com/blog/trip-report-tss-marine-science-expedition-from-18th-to-26th-february-2024,coral catshark,Atelomycterus,marmoratus,Atelomycterus marmoratus,shark,Thailand,Koh Lipe,Stonehenge,site,2024-02-20,2,2024-02-20,2024,2,2024-02-01,Resident_or_benthic,NA
https://www.thesmilingseahorse.com/blog/welcome-back-to-black-rock,blotched fantail ray,Taeniurops,meyeni,Taeniurops meyeni,ray,Myanmar,Mergui,Black Rock,site,2016-01-01,5,2016-01-01,2016,1,2016-01-01,Resident_or_benthic,NA
https://www.thesmilingseahorse.com/blog/welcome-to-our-lucky-belgium-charter,oceanic manta,Mobula,birostris,Mobula birostris,ray,Myanmar,Mergui,Mergui Archipelago,region,2019-01-01,1,2019-01-01,2019,1,2019-01-01,Mobulids,NA
https://www.thesmilingseahorse.com/blog/welcome-to-our-lucky-belgium-charter,whitetip reef shark,Triaenodon,obesus,Triaenodon obesus,shark,Myanmar,Mergui,Mergui Archipelago,region,2019-01-01,5,2019-01-01,2019,1,2019-01-01,Reef_sharks,NA
https://www.thesmilingseahorse.com/blog/welcome-to-our-lucky-belgium-charter,jenkins' whipray,Pateobatis,jenkinsii,Pateobatis jenkinsii,ray,Myanmar,Mergui,Mergui Archipelago,region,2019-01-01,4,2019-01-01,2019,1,2019-01-01,Resident_or_benthic,NA
https://www.thesmilingseahorse.com/blog/welcome-to-the-mantas-parade,oceanic manta,Mobula,birostris,Mobula birostris,ray,Myanmar,Mergui,Mergui Archipelago,region,2019-01-01,4,2019-01-01,2019,1,2019-01-01,Mobulids,NA
https://www.thesmilingseahorse.com/blog/whale-sharks-expedition-04th-to-12th-february-2023,oceanic manta,Mobula,birostris,Mobula birostris,ray,Thailand,Koh Lipe,Stonehenge,site,2023-02-06,1,2023-02-06,2023,2,2023-02-01,Mobulids,NA
https://www.thesmilingseahorse.com/blog/whale-sharks-expedition-04th-to-12th-february-2023,ocellated eagle ray,Aetobatus,ocellatus,Aetobatus ocellatus,ray,Thailand,Similan,Koh Tachai,site,2023-02-07,4,2023-02-07,2023,2,2023-02-01,Resident_or_benthic,arguable mobility
https://www.thesmilingseahorse.com/blog/whale-sharks-expedition-04th-to-12th-february-2023,coral catshark,Atelomycterus,marmoratus,Atelomycterus marmoratus,shark,Thailand,Koh Lipe,Stonehenge,site,2023-02-06,3,2023-02-06,2023,2,2023-02-01,Resident_or_benthic,NA
https://www.thesmilingseahorse.com/blog/whale-sharks-expedition-04th-to-12th-february-2023,zebra shark,Stegostoma,tigrinum,Stegostoma tigrinum,shark,Thailand,Koh Lanta,Koh Haa,site,2023-02-08,3,2023-02-08,2023,2,2023-02-01,Resident_or_benthic,NA
https://www.thesmilingseahorse.com/blog/whale-sharks-expedition-04th-to-12th-february-2023,blacktip reef shark,Carcharhinus,melanopterus,Carcharhinus melanopterus,shark,Thailand,Similan,Koh Tachai,site,2023-02-09,5,2023-02-09,2023,2,2023-02-01,Reef_sharks,NA
https://www.thesmilingseahorse.com/blog/whale-sharks-expedition-04th-to-12th-february-2023,whitetip reef shark,Triaenodon,obesus,Triaenodon obesus,shark,Thailand,Similan,Koh Tachai,site,2023-02-08,5,2023-02-08,2023,2,2023-02-01,Reef_sharks,NA
https://www.thesmilingseahorse.com/blog/whale-sharks-expedition-04th-to-12th-february-2023,ocellated eagle ray,Aetobatus,ocellatus,Aetobatus ocellatus,ray,Thailand,Similan,Koh Tachai,site,2023-02-11,4,2023-02-11,2023,2,2023-02-01,Resident_or_benthic,arguable mobility
https://www.thesmilingseahorse.com/blog/whale-sharks-for-songkran,whale shark,Rhinocodon,typus,Rhinocodon typus,shark,Thailand,Surin,Richelieu Rock,site,2021-04-14,2,2021-04-14,2021,4,2021-04-01,Large_pelagic,NA
https://www.thesmilingseahorse.com/blog/whales-season,oceanic manta,Mobula,birostris,Mobula birostris,ray,Thailand,Andaman (unspecified),Andaman Sea,region,2019-03-01,1,2019-03-01,2019,3,2019-03-01,Mobulids,NA
https://www.thesmilingseahorse.com/blog/whales-season,whale shark,Rhinocodon,typus,Rhinocodon typus,shark,Thailand,Andaman (unspecified),Andaman Sea,region,2019-03-01,1,2019-03-01,2019,3,2019-03-01,Large_pelagic,NA
https://www.thesmilingseahorse.com/blog/why-we-love-burma-have-a-look-below,oceanic manta,Mobula,birostris,Mobula birostris,ray,Myanmar,Burma Banks,Burma Banks,region,2019-03-03,1,2019-03-03,2019,3,2019-03-01,Mobulids,NA
https://www.thesmilingseahorse.com/blog/why-we-love-burma-have-a-look-below,nurse shark,Nebrius,ferrugineus,Nebrius ferrugineus,shark,Myanmar,Burma Banks,Burma Banks,region,2019-03-03,5,2019-03-03,2019,3,2019-03-01,Resident_or_benthic,NA
